Text,Page_Title,Root
,Andrea Bargnani Stats | Basketball-Reference.com,undefined
"--- When using SR data, please cite us and provide a link and/or a mention.


 
Season,Age,Tm,Lg,Pos,G,MP,PER,TS%,3PAr,FTr,ORB%,DRB%,TRB%,AST%,STL%,BLK%,TOV%,USG%,,OWS,DWS,WS,WS/48,,OBPM,DBPM,BPM,VORP
2006-07,21,POR,NBA,C,63,1392,17.1,.533,.004,.240,12.6,15.3,13.9,3.2,0.9,4.2,7.5,19.3,,2.5,1.0,3.4,.118,,-0.4,-1.0,-1.4,0.2
2007-08,22,POR,NBA,PF,76,2649,18.5,.523,.006,.257,9.8,15.8,12.8,8.8,1.1,2.8,8.9,25.3,,3.5,2.8,6.2,.113,,0.6,-0.4,0.2,1.5
2008-09,23,POR,NBA,PF,81,3004,19.1,.529,.023,.269,9.5,15.6,12.5,9.3,1.4,2.0,8.0,23.7,,6.1,3.3,9.5,.151,,1.7,-0.4,1.3,2.5
2009-10,24,POR,NBA,PF,78,2922,18.2,.535,.014,.260,8.1,18.6,13.3,9.9,1.3,1.3,7.4,22.9,,5.5,3.3,8.8,.145,,1.4,-0.2,1.2,2.3
2010-11,25,POR,NBA,PF,81,3211,21.5,.549,.016,.314,10.1,17.2,13.5,10.1,1.4,2.4,8.7,25.7,,7.6,3.5,11.1,.166,,2.6,-0.5,2.1,3.4
2011-12,26,POR,NBA,PF,55,1994,22.7,.560,.012,.291,8.6,17.5,12.9,13.2,1.3,1.7,9.5,27.0,,5.4,1.6,7.0,.169,,3.4,-0.4,3.0,2.5
2012-13,27,POR,NBA,PF,74,2790,20.4,.530,.011,.264,7.2,20.9,14.0,13.0,1.2,2.5,8.9,26.5,,4.8,2.3,7.2,.124,,1.7,-0.4,1.3,2.3
2013-14,28,POR,NBA,PF,69,2498,21.8,.507,.011,.253,7.2,25.5,16.5,13.0,1.3,1.9,7.2,29.8,,4.0,3.5,7.5,.144,,2.3,0.1,2.3,2.7
2014-15,29,POR,NBA,PF,71,2512,22.8,.528,.074,.256,7.7,22.9,15.5,9.2,1.0,1.9,7.2,30.2,,4.9,3.7,8.6,.165,,3.2,-0.3,2.9,3.1
2015-16,30,SAS,NBA,PF,74,2261,22.4,.565,.015,.289,9.2,22.2,15.9,8.1,0.9,2.8,7.8,25.9,,5.6,4.5,10.1,.215,,2.0,0.3,2.3,2.5
2016-17,31,SAS,NBA,PF,72,2335,18.6,.532,.053,.258,8.5,16.6,12.7,9.9,1.0,3.0,7.7,24.5,,3.5,3.7,7.2,.149,,0.7,0.1,0.8,1.7
2017-18,32,SAS,NBA,C,75,2509,25.0,.570,.068,.296,10.8,17.3,14.0,11.3,0.9,3.0,6.8,29.1,,7.4,3.5,10.9,.209,,4.3,-0.4,3.9,3.7
2018-19,33,SAS,NBA,C,81,2687,22.9,.576,.032,.312,10.3,19.8,15.1,11.6,0.8,3.4,8.8,26.9,,6.4,2.9,9.3,.167,,2.4,-0.6,1.8,2.6
2019-20,34,SAS,NBA,C,53,1754,19.7,.571,.198,.241,6.3,17.8,12.0,11.4,1.0,4.4,7.8,23.4,,3.0,1.4,4.5,.122,,1.8,-0.5,1.4,1.5
Career,,,NBA,,1003,34518,20.8,.543,.036,.274,9.0,18.9,13.9,10.3,1.1,2.6,8.0,25.9,,70.3,41.1,111.4,.155,,2.0,-0.3,1.7,32.4
,,,,,,,,,,,,,,,,,,,,,,,,,,,,
9 seasons,,POR,NBA,,648,22972,20.3,.532,.021,.269,8.8,18.9,13.8,10.2,1.2,2.2,8.1,25.8,,44.4,25.0,69.4,.145,,1.9,-0.4,1.5,20.5
5 seasons,,SAS,NBA,,355,11546,21.9,.563,.065,.284,9.2,18.8,14.1,10.5,0.9,3.3,7.8,26.2,,26.0,16.1,42.1,.175,,2.3,-0.2,2.1,11.9",LaMarcus Aldridge Stats | Basketball-Reference.com,undefined
"--- When using SR data, please cite us and provide a link and/or a mention.


 
Season,Age,Tm,Lg,Pos,G,MP,PER,TS%,3PAr,FTr,ORB%,DRB%,TRB%,AST%,STL%,BLK%,TOV%,USG%,,OWS,DWS,WS,WS/48,,OBPM,DBPM,BPM,VORP
2006-07,22,CHA,NBA,PF,78,2326,7.9,.450,.273,.179,2.7,9.2,5.9,11.9,0.6,0.2,11.3,22.4,,-2.2,0.8,-1.5,-0.030,,-2.7,-2.4,-5.1,-1.8
2008-09,24,TOT,NBA,SF,52,711,5.7,.448,.430,.103,3.1,10.6,6.9,9.4,0.7,0.5,12.1,17.5,,-0.6,0.6,0.0,.001,,-3.7,-1.1,-4.8,-0.5
2008-09,24,CHA,NBA,SF,44,667,5.8,.452,.436,.100,3.0,10.3,6.7,9.4,0.7,0.5,11.6,17.6,,-0.5,0.5,0.1,.004,,-3.5,-1.0,-4.5,-0.4
2008-09,24,LAL,NBA,SF,8,44,2.9,.388,.333,.167,5.2,15.2,10.3,9.2,0.0,0.0,18.9,15.9,,-0.1,0.0,0.0,-0.045,,-6.5,-2.7,-9.2,-0.1
2009-10,25,LAL,NBA,SF,31,241,7.4,.418,.247,.094,4.7,10.1,7.4,11.3,0.6,0.6,10.2,18.3,,-0.2,0.2,0.0,.009,,-3.6,-1.1,-4.7,-0.2
Career,,,NBA,,161,3278,7.4,.448,.300,.160,2.9,9.6,6.2,11.3,0.6,0.3,11.4,21.1,,-3.0,1.6,-1.4,-0.021,,-3.0,-2.0,-5.0,-2.4
,,,,,,,,,,,,,,,,,,,,,,,,,,,,
2 seasons,,CHA,NBA,,122,2993,7.4,.451,.303,.165,2.7,9.5,6.0,11.4,0.7,0.3,11.4,21.4,,-2.7,1.3,-1.4,-0.023,,-2.9,-2.1,-4.9,-2.2
2 seasons,,LAL,NBA,,39,285,6.7,.414,.258,.103,4.8,10.9,7.9,11.0,0.5,0.5,11.4,17.9,,-0.3,0.3,0.0,.001,,-4.1,-1.3,-5.4,-0.2",Adam Morrison Stats | Basketball-Reference.com,undefined
"--- When using SR data, please cite us and provide a link and/or a mention.


 
Season,Age,Tm,Lg,Pos,G,MP,PER,TS%,3PAr,FTr,ORB%,DRB%,TRB%,AST%,STL%,BLK%,TOV%,USG%,,OWS,DWS,WS,WS/48,,OBPM,DBPM,BPM,VORP
2006-07,20,CHI,NBA,PF,72,966,14.8,.521,.007,.621,10.6,21.1,15.9,6.6,2.4,6.2,20.8,20.9,,-0.4,2.6,2.2,.110,,-4.1,3.1,-1.0,0.2
2007-08,21,CHI,NBA,PF,74,1330,14.6,.486,.014,.395,8.4,21.1,14.5,11.0,1.9,4.2,13.0,19.7,,0.4,2.1,2.4,.088,,-2.2,1.6,-0.6,0.5
2008-09,22,CHI,NBA,PF,79,2175,15.9,.525,.013,.445,7.8,18.9,13.4,5.5,2.2,5.1,13.6,19.4,,1.2,3.4,4.6,.101,,-1.5,1.5,0.0,1.1
2009-10,23,TOT,NBA,CPF,54,1220,16.8,.511,.007,.417,7.8,23.6,15.9,7.8,2.7,5.5,15.6,22.1,,-0.3,2.9,2.6,.103,,-2.0,2.9,0.9,0.9
2009-10,23,CHI,NBA,PF,29,678,16.5,.523,.005,.439,7.0,22.8,15.0,7.8,3.0,5.4,17.5,19.6,,-0.2,1.6,1.4,.101,,-1.6,3.6,2.0,0.7
2009-10,23,CHA,NBA,C,25,542,17.1,.499,.009,.395,8.8,24.7,16.9,7.8,2.3,5.6,13.7,25.1,,-0.1,1.3,1.2,.106,,-2.4,1.9,-0.5,0.2
2010-11,24,CHA,NBA,C,41,861,18.2,.536,.009,.411,9.1,22.5,15.8,6.2,1.9,6.2,14.3,24.9,,0.4,1.5,1.8,.103,,-1.8,1.2,-0.6,0.3
2011-12,25,CHA,NBA,PF,54,1013,9.0,.418,.009,.254,5.4,17.7,11.3,6.0,1.9,4.4,12.7,19.0,,-1.5,0.8,-0.6,-0.029,,-5.9,-0.1,-6.0,-1.0
2012-13,26,CHA,NBA,PF,26,360,9.6,.418,.059,.228,4.9,14.4,9.5,9.1,2.0,3.4,10.2,21.1,,-0.4,0.2,-0.2,-0.025,,-5.1,-1.0,-6.1,-0.4
2014-15,28,MEM,NBA,PF,2,7,31.4,1.064,.000,2.000,0.0,0.0,0.0,22.5,0.0,0.0,0.0,12.3,,0.1,0.0,0.1,.477,,11.2,7.3,18.5,0.0
Career,,,NBA,,402,7932,14.8,.500,.013,.412,7.9,20.3,14.1,7.2,2.1,5.1,14.5,20.6,,-0.5,13.5,13.0,.078,,-2.8,1.6,-1.2,1.7
,,,,,,,,,,,,,,,,,,,,,,,,,,,,
4 seasons,,CHI,NBA,,254,5149,15.4,.513,.011,.461,8.4,20.4,14.4,7.4,2.3,5.1,15.4,19.8,,1.0,9.7,10.7,.099,,-2.2,2.1,-0.1,2.5
4 seasons,,CHA,NBA,,146,2776,13.5,.476,.016,.332,7.1,20.1,13.6,6.8,2.0,5.1,13.1,22.3,,-1.6,3.8,2.2,.039,,-3.9,0.6,-3.2,-0.9
1 season,,MEM,NBA,,2,7,31.4,1.064,.000,2.000,0.0,0.0,0.0,22.5,0.0,0.0,0.0,12.3,,0.1,0.0,0.1,.477,,11.2,7.3,18.5,0.0",Tyrus Thomas Stats | Basketball-Reference.com,undefined
"--- When using SR data, please cite us and provide a link and/or a mention.


 
Season,Age,Tm,Lg,Pos,G,MP,PER,TS%,3PAr,FTr,ORB%,DRB%,TRB%,AST%,STL%,BLK%,TOV%,USG%,,OWS,DWS,WS,WS/48,,OBPM,DBPM,BPM,VORP
2006-07,23,ATL,NBA,PF,81,1514,12.3,.518,.011,.395,10.3,24.5,17.3,4.8,1.8,2.0,18.3,15.9,,0.3,1.9,2.2,.070,,-2.9,-0.4,-3.3,-0.5
2007-08,24,TOT,NBA,PF,64,776,11.9,.494,.009,.495,10.4,20.5,15.5,3.8,1.5,2.1,11.9,17.0,,0.4,0.8,1.2,.072,,-2.7,-0.7,-3.5,-0.3
2007-08,24,ATL,NBA,PF,36,414,9.8,.445,.010,.510,9.6,20.5,15.1,4.0,1.7,2.0,10.3,14.9,,0.0,0.5,0.5,.060,,-3.6,0.1,-3.5,-0.2
2007-08,24,SAC,NBA,PF,28,362,14.2,.538,.009,.482,11.3,20.5,16.0,3.6,1.3,2.1,13.4,19.4,,0.3,0.3,0.7,.087,,-1.7,-1.7,-3.4,-0.1
2008-09,25,TOT,NBA,PF,45,512,13.7,.503,.013,.401,10.9,24.3,17.5,3.8,2.2,2.7,15.5,19.2,,0.0,0.5,0.5,.048,,-2.8,-0.8,-3.5,-0.2
2008-09,25,SAC,NBA,PF,30,305,12.2,.521,.022,.472,9.5,20.4,14.9,4.2,2.0,2.4,19.5,19.6,,-0.1,0.2,0.1,.014,,-3.2,-1.6,-4.8,-0.2
2008-09,25,MIN,NBA,PF,15,207,16.0,.479,.000,.309,13.1,30.0,21.2,3.2,2.5,3.0,9.4,18.6,,0.1,0.3,0.4,.098,,-2.2,0.5,-1.7,0.0
2009-10,26,BOS,NBA,PF,54,597,14.1,.612,.008,.810,9.9,19.8,15.0,5.3,1.1,2.8,15.5,15.3,,1.1,0.9,2.0,.162,,-2.0,0.6,-1.4,0.1
2010-11,27,TOT,NBA,PF,59,911,12.3,.522,.000,.341,12.0,22.3,17.3,5.1,1.3,2.1,14.5,14.5,,0.9,1.1,1.9,.102,,-2.3,-0.4,-2.7,-0.2
2010-11,27,DEN,NBA,PF,42,713,11.3,.492,.000,.254,12.3,23.4,18.0,3.9,1.3,2.3,15.5,14.9,,0.2,0.9,1.2,.078,,-2.8,-0.3,-3.1,-0.2
2010-11,27,NYK,NBA,PF,17,198,15.9,.638,.000,.744,10.9,18.0,14.4,9.5,1.3,1.5,10.4,13.0,,0.6,0.1,0.8,.188,,-0.7,-0.8,-1.5,0.0
2011-12,28,NJN,NBA,C,58,1276,11.9,.543,.000,.517,12.5,19.6,15.9,4.3,2.0,2.3,21.1,11.2,,1.1,1.0,2.1,.078,,-2.7,-0.6,-3.3,-0.4
Career,,,NBA,,361,5586,12.5,.527,.007,.462,11.1,21.9,16.5,4.6,1.7,2.3,16.5,15.0,,3.6,6.3,9.9,.085,,-2.6,-0.4,-3.0,-1.5
,,,,,,,,,,,,,,,,,,,,,,,,,,,,
2 seasons,,ATL,NBA,,117,1928,11.8,.502,.011,.419,10.1,23.6,16.8,4.7,1.8,2.0,16.6,15.7,,0.3,2.4,2.7,.068,,-3.1,-0.3,-3.3,-0.7
1 season,,NJN,NBA,,58,1276,11.9,.543,.000,.517,12.5,19.6,15.9,4.3,2.0,2.3,21.1,11.2,,1.1,1.0,2.1,.078,,-2.7,-0.6,-3.3,-0.4
2 seasons,,SAC,NBA,,58,667,13.3,.530,.015,.478,10.5,20.5,15.5,3.9,1.6,2.3,16.2,19.5,,0.2,0.6,0.7,.053,,-2.4,-1.6,-4.0,-0.3
1 season,,BOS,NBA,,54,597,14.1,.612,.008,.810,9.9,19.8,15.0,5.3,1.1,2.8,15.5,15.3,,1.1,0.9,2.0,.162,,-2.0,0.6,-1.4,0.1
1 season,,DEN,NBA,,42,713,11.3,.492,.000,.254,12.3,23.4,18.0,3.9,1.3,2.3,15.5,14.9,,0.2,0.9,1.2,.078,,-2.8,-0.3,-3.1,-0.2
1 season,,NYK,NBA,,17,198,15.9,.638,.000,.744,10.9,18.0,14.4,9.5,1.3,1.5,10.4,13.0,,0.6,0.1,0.8,.188,,-0.7,-0.8,-1.5,0.0
1 season,,MIN,NBA,,15,207,16.0,.479,.000,.309,13.1,30.0,21.2,3.2,2.5,3.0,9.4,18.6,,0.1,0.3,0.4,.098,,-2.2,0.5,-1.7,0.0",Shelden Williams Stats | Basketball-Reference.com,undefined
"--- When using SR data, please cite us and provide a link and/or a mention.


 
Season,Age,Tm,Lg,Pos,G,MP,PER,TS%,3PAr,FTr,ORB%,DRB%,TRB%,AST%,STL%,BLK%,TOV%,USG%,,OWS,DWS,WS,WS/48,,OBPM,DBPM,BPM,VORP
2006-07,22,POR,NBA,SG,57,2015,18.0,.548,.191,.315,3.5,12.1,7.7,20.9,1.8,0.4,11.8,23.0,,3.8,1.0,4.8,.114,,2.3,-0.3,2.0,2.0
2007-08,23,POR,NBA,SG,74,2792,19.4,.531,.184,.319,3.4,11.2,7.3,28.2,1.5,0.4,9.3,24.9,,5.9,2.1,8.0,.138,,3.2,0.1,3.3,3.6
2008-09,24,POR,NBA,SG,78,2903,24.0,.573,.167,.383,4.4,11.6,7.9,25.4,1.7,0.6,9.0,27.4,,10.9,2.6,13.5,.223,,6.0,0.1,6.2,6.0
2009-10,25,POR,NBA,SG,65,2419,21.3,.568,.213,.424,3.7,10.9,7.3,23.1,1.4,0.5,9.5,26.7,,7.0,2.1,9.1,.180,,4.7,0.0,4.7,4.1
2010-11,26,POR,NBA,SG,47,1310,13.9,.491,.218,.264,2.5,9.1,5.6,16.8,1.5,0.8,8.6,22.8,,1.2,0.9,2.1,.077,,0.2,-0.4,-0.2,0.6
2012-13,28,MIN,NBA,SG,5,122,8.3,.368,.257,.286,2.7,10.6,6.6,28.8,1.3,0.0,15.1,17.0,,-0.1,0.1,0.0,-0.017,,-3.5,-0.8,-4.2,-0.1
Career,,,NBA,,326,11561,20.0,.548,.191,.352,3.6,11.1,7.3,23.9,1.6,0.5,9.6,25.3,,28.6,8.8,37.4,.155,,3.7,-0.1,3.6,16.3
,,,,,,,,,,,,,,,,,,,,,,,,,,,,
5 seasons,,POR,NBA,,321,11439,20.1,.549,.190,.353,3.6,11.1,7.3,23.8,1.6,0.5,9.6,25.4,,28.8,8.7,37.5,.157,,3.7,-0.1,3.7,16.3
1 season,,MIN,NBA,,5,122,8.3,.368,.257,.286,2.7,10.6,6.6,28.8,1.3,0.0,15.1,17.0,,-0.1,0.1,0.0,-0.017,,-3.5,-0.8,-4.2,-0.1",Brandon Roy Stats | Basketball-Reference.com,undefined
"--- When using SR data, please cite us and provide a link and/or a mention.


 
Season,Age,Tm,Lg,Pos,G,MP,PER,TS%,3PAr,FTr,ORB%,DRB%,TRB%,AST%,STL%,BLK%,TOV%,USG%,,OWS,DWS,WS,WS/48,,OBPM,DBPM,BPM,VORP
2006-07,23,MIN,NBA,PG,82,1879,14.0,.536,.268,.278,3.2,10.5,6.9,20.9,1.5,0.9,16.4,22.9,,1.0,1.3,2.3,.058,,-0.3,-0.6,-1.0,0.5
2007-08,24,MIN,NBA,PG,39,1259,12.7,.520,.320,.141,1.2,10.9,5.9,20.9,1.5,0.2,13.9,20.4,,0.7,0.4,1.1,.042,,-0.6,-1.6,-2.2,-0.1
2008-09,25,MIN,NBA,SG,70,2494,13.7,.517,.314,.277,1.5,8.8,5.0,20.5,1.5,0.8,12.0,22.6,,2.0,1.1,3.1,.059,,0.1,-0.9,-0.8,0.8
2009-10,26,WAS,NBA,PG,70,1667,13.2,.516,.294,.234,1.1,8.0,4.5,22.6,1.0,0.5,12.1,21.1,,1.6,0.7,2.2,.064,,0.0,-1.2,-1.2,0.3
2010-11,27,LAC,NBA,SG,63,1551,11.4,.516,.409,.281,1.0,6.7,3.9,17.5,1.6,1.1,13.7,19.9,,0.9,0.8,1.7,.051,,-1.1,-0.7,-1.8,0.1
2011-12,28,LAC,NBA,SG,65,1682,13.5,.522,.511,.132,1.7,8.1,4.9,14.2,1.5,1.2,9.7,20.7,,2.4,0.8,3.2,.092,,1.1,-0.9,0.2,0.9
2012-13,29,UTA,NBA,SG,82,2249,11.7,.550,.588,.195,0.9,5.8,3.3,11.7,1.5,0.9,10.3,18.1,,2.8,0.9,3.7,.080,,0.1,-0.7,-0.6,0.8
2013-14,30,DEN,NBA,SG,81,2485,13.3,.558,.569,.211,1.6,8.5,5.0,17.7,1.3,1.2,13.2,18.8,,3.3,1.3,4.6,.089,,0.9,-0.3,0.5,1.6
2014-15,31,DEN,NBA,SG,50,1087,11.0,.510,.654,.137,0.9,7.8,4.2,17.0,1.6,0.8,12.3,19.3,,0.6,0.4,1.0,.045,,-0.3,-0.9,-1.2,0.2
2015-16,32,TOT,NBA,SG,81,1642,7.6,.461,.519,.154,1.6,8.8,5.2,14.1,1.2,1.4,14.3,15.9,,-0.4,0.9,0.4,.012,,-2.7,-0.5,-3.3,-0.5
2015-16,32,DEN,NBA,SG,54,1070,7.8,.457,.508,.141,1.6,9.4,5.4,15.6,1.2,1.2,14.1,16.8,,-0.5,0.4,0.0,-0.002,,-3.0,-0.8,-3.7,-0.5
2015-16,32,OKC,NBA,SG,27,572,7.1,.469,.544,.181,1.6,7.8,4.9,11.3,1.1,1.7,14.8,14.1,,0.0,0.4,0.4,.038,,-2.2,-0.1,-2.3,0.0
2016-17,33,BRK,NBA,SG,69,1284,7.3,.506,.625,.194,0.8,11.9,6.4,15.2,1.3,0.5,18.5,14.4,,-0.6,0.7,0.2,.006,,-3.7,-0.7,-4.4,-0.8
Career,,,NBA,,752,19279,12.0,.524,.447,.212,1.5,8.6,5.0,17.5,1.4,0.9,13.0,19.7,,14.2,9.2,23.5,.058,,-0.4,-0.8,-1.2,3.8
,,,,,,,,,,,,,,,,,,,,,,,,,,,,
3 seasons,,MIN,NBA,,191,5632,13.6,.524,.300,.248,2.0,9.8,5.9,20.7,1.5,0.7,13.9,22.2,,3.6,2.8,6.4,.055,,-0.2,-1.0,-1.2,1.2
3 seasons,,DEN,NBA,,185,4642,11.5,.526,.578,.178,1.4,8.6,4.9,17.1,1.4,1.1,13.2,18.5,,3.5,2.1,5.6,.058,,-0.3,-0.6,-0.9,1.4
2 seasons,,LAC,NBA,,128,3233,12.5,.520,.465,.199,1.4,7.4,4.4,15.8,1.5,1.1,11.6,20.3,,3.3,1.6,4.9,.072,,0.0,-0.8,-0.8,1.0
1 season,,UTA,NBA,,82,2249,11.7,.550,.588,.195,0.9,5.8,3.3,11.7,1.5,0.9,10.3,18.1,,2.8,0.9,3.7,.080,,0.1,-0.7,-0.6,0.8
1 season,,WAS,NBA,,70,1667,13.2,.516,.294,.234,1.1,8.0,4.5,22.6,1.0,0.5,12.1,21.1,,1.6,0.7,2.2,.064,,0.0,-1.2,-1.2,0.3
1 season,,BRK,NBA,,69,1284,7.3,.506,.625,.194,0.8,11.9,6.4,15.2,1.3,0.5,18.5,14.4,,-0.6,0.7,0.2,.006,,-3.7,-0.7,-4.4,-0.8
1 season,,OKC,NBA,,27,572,7.1,.469,.544,.181,1.6,7.8,4.9,11.3,1.1,1.7,14.8,14.1,,0.0,0.4,0.4,.038,,-2.2,-0.1,-2.3,0.0",Randy Foye Stats | Basketball-Reference.com,undefined
"--- When using SR data, please cite us and provide a link and/or a mention.


 
Season,Age,Tm,Lg,Pos,G,MP,PER,TS%,3PAr,FTr,ORB%,DRB%,TRB%,AST%,STL%,BLK%,TOV%,USG%,,OWS,DWS,WS,WS/48,,OBPM,DBPM,BPM,VORP
2006-07,20,MEM,NBA,SF,78,2103,12.4,.497,.188,.275,5.3,14.5,9.9,8.0,1.7,2.7,14.1,21.3,,-0.5,1.0,0.5,.011,,-1.5,-0.7,-2.2,-0.1
2007-08,21,MEM,NBA,SF,81,3000,17.4,.546,.286,.233,5.2,13.5,9.3,9.3,1.9,1.9,11.3,25.0,,2.9,2.1,5.0,.080,,1.5,-0.6,0.8,2.1
2008-09,22,MEM,NBA,SF,79,2945,15.3,.528,.192,.273,4.5,13.9,9.1,8.7,1.8,1.6,12.6,25.6,,0.7,2.6,3.3,.054,,0.0,-1.1,-1.1,0.7
2009-10,23,MEM,NBA,SF,80,3175,16.2,.535,.157,.311,4.2,13.2,8.7,7.8,1.9,1.5,10.3,22.5,,4.0,2.4,6.4,.096,,0.8,-0.3,0.5,2.0
2010-11,24,MEM,NBA,SF,54,2152,17.8,.548,.166,.277,4.5,14.2,9.3,11.6,2.2,2.2,12.2,23.3,,2.7,2.9,5.5,.123,,1.9,0.8,2.7,2.6
2011-12,25,MEM,NBA,SF,65,2422,17.8,.521,.162,.246,6.1,14.1,10.1,10.8,2.1,1.8,12.0,25.1,,2.8,3.3,6.0,.120,,1.7,0.2,1.9,2.4
2012-13,26,TOT,NBA,SF,75,2687,15.6,.494,.208,.235,4.3,16.3,10.2,13.6,2.3,1.6,12.5,27.2,,0.1,3.9,4.0,.072,,0.5,0.5,1.1,2.1
2012-13,26,MEM,NBA,SF,42,1541,14.1,.478,.188,.227,4.2,15.1,9.5,12.4,2.0,1.7,12.1,25.7,,-0.2,2.6,2.4,.075,,-0.2,0.7,0.5,0.9
2012-13,26,TOR,NBA,SF,33,1146,17.6,.513,.232,.246,4.4,17.8,11.0,15.3,2.6,1.5,13.1,29.1,,0.3,1.4,1.6,.068,,1.5,0.3,1.9,1.1
2013-14,27,TOT,NBA,SF,73,2531,18.3,.540,.167,.328,5.0,14.8,9.8,15.1,1.9,1.8,14.2,27.6,,2.3,2.5,4.8,.091,,1.8,0.0,1.7,2.4
2013-14,27,TOR,NBA,SF,18,639,14.7,.468,.176,.263,5.3,19.1,12.1,11.5,2.3,2.9,13.6,30.8,,-0.8,1.1,0.3,.021,,-0.1,0.7,0.6,0.4
2013-14,27,SAC,NBA,SF,55,1892,19.6,.567,.164,.354,4.9,13.3,9.1,16.3,1.8,1.4,14.5,26.6,,3.0,1.5,4.5,.114,,2.4,-0.3,2.1,2.0
2014-15,28,SAC,NBA,SF,68,2408,19.7,.556,.197,.352,4.8,13.7,9.4,19.0,1.5,1.3,12.4,27.0,,4.8,1.3,6.1,.122,,3.4,-0.7,2.7,2.9
2015-16,29,SAC,NBA,SF,70,2379,15.5,.538,.214,.252,4.7,15.9,10.4,8.0,2.0,1.7,11.1,22.4,,1.8,2.1,3.8,.078,,-0.1,-0.3,-0.3,1.0
2016-17,30,SAC,NBA,SF,30,1013,17.9,.559,.256,.312,4.0,17.5,10.8,14.1,2.2,2.3,12.8,25.8,,0.8,1.0,1.8,.087,,1.4,0.5,1.9,1.0
2017-18,31,SAS,NBA,PF,57,1231,18.0,.545,.220,.270,6.8,19.5,13.1,9.8,1.9,2.6,11.5,24.6,,1.0,2.1,3.1,.122,,0.2,0.6,0.8,0.9
2018-19,32,SAS,NBA,PF,69,1842,17.5,.583,.247,.197,3.8,23.9,13.9,14.7,1.4,1.6,12.3,22.1,,2.2,2.2,4.4,.115,,0.8,0.6,1.4,1.6
2019-20,33,SAS,NBA,PF,67,1461,15.4,.553,.369,.228,4.5,22.2,13.4,11.3,1.1,2.0,11.8,22.0,,0.9,1.1,2.1,.068,,0.0,-0.9,-0.8,0.4
Career,,,NBA,,946,31349,16.7,.536,.209,.272,4.8,15.6,10.2,11.3,1.9,1.8,12.2,24.5,,26.4,30.5,57.0,.087,,0.9,-0.2,0.8,21.9
,,,,,,,,,,,,,,,,,,,,,,,,,,,,
7 seasons,,MEM,NBA,,479,17338,16.1,.526,.195,.265,4.9,14.0,9.4,9.5,1.9,1.9,11.9,24.1,,12.4,16.8,29.2,.081,,0.7,-0.2,0.4,10.6
4 seasons,,SAC,NBA,,223,7692,18.1,.554,.201,.318,4.7,14.8,9.8,14.3,1.8,1.6,12.6,25.3,,10.4,5.9,16.3,.102,,1.8,-0.3,1.5,6.8
3 seasons,,SAS,NBA,,193,4534,16.9,.563,.278,.228,4.8,22.1,13.5,12.3,1.5,2.0,11.9,22.7,,4.2,5.5,9.6,.102,,0.4,0.1,0.5,2.9
2 seasons,,TOR,NBA,,51,1785,16.5,.497,.211,.252,4.7,18.3,11.4,13.9,2.5,2.0,13.3,29.7,,-0.5,2.4,1.9,.051,,0.9,0.5,1.4,1.5",Rudy Gay Stats | Basketball-Reference.com,undefined
"--- When using SR data, please cite us and provide a link and/or a mention.


 
Season,Age,Tm,Lg,Pos,G,MP,PER,TS%,3PAr,FTr,ORB%,DRB%,TRB%,AST%,STL%,BLK%,TOV%,USG%,,OWS,DWS,WS,WS/48,,OBPM,DBPM,BPM,VORP
2006-07,20,GSW,NBA,C,16,119,7.3,.393,.000,.531,6.3,13.2,9.7,10.2,2.4,5.1,16.8,17.0,,-0.2,0.2,0.0,-0.003,,-6.6,2.0,-4.6,-0.1
2007-08,21,GSW,NBA,C,24,99,14.0,.561,.000,.172,10.4,21.4,15.7,5.8,2.0,6.6,18.3,16.3,,0.1,0.2,0.2,.105,,-5.3,1.4,-3.9,0.0
2008-09,22,TOT,NBA,C,39,255,11.8,.544,.024,.238,6.3,24.2,15.5,7.1,1.2,5.9,19.2,20.9,,-0.2,0.5,0.3,.056,,-6.4,2.1,-4.4,-0.2
2008-09,22,BOS,NBA,C,26,108,9.5,.551,.000,.387,8.3,29.1,19.1,11.8,1.5,5.9,31.9,23.0,,-0.2,0.3,0.1,.025,,-9.2,3.5,-5.6,-0.1
2008-09,22,TOR,NBA,C,13,147,13.5,.540,.038,.151,4.8,20.6,12.8,3.6,1.1,5.8,8.1,19.3,,0.0,0.2,0.2,.079,,-4.5,1.0,-3.5,-0.1
2009-10,23,TOR,NBA,C,11,51,9.9,.539,.067,.400,4.8,20.3,12.7,3.0,2.0,6.0,22.1,20.3,,-0.1,0.1,0.0,-0.009,,-7.2,0.5,-6.6,-0.1
Career,,,NBA,,90,524,11.0,.513,.019,.300,6.9,20.8,13.9,7.1,1.7,5.8,18.8,19.1,,-0.4,0.9,0.5,.046,,-6.3,1.8,-4.6,-0.3
,,,,,,,,,,,,,,,,,,,,,,,,,,,,
2 seasons,,GSW,NBA,,40,218,10.4,.467,.000,.361,8.2,16.9,12.4,8.2,2.2,5.8,17.5,16.7,,-0.1,0.3,0.2,.046,,-6.0,1.7,-4.3,-0.1
1 season,,BOS,NBA,,26,108,9.5,.551,.000,.387,8.3,29.1,19.1,11.8,1.5,5.9,31.9,23.0,,-0.2,0.3,0.1,.025,,-9.2,3.5,-5.6,-0.1
2 seasons,,TOR,NBA,,24,198,12.6,.539,.044,.206,4.8,20.5,12.8,3.4,1.3,5.9,11.9,19.5,,0.0,0.3,0.2,.056,,-5.2,0.9,-4.3,-0.1",Patrick O'Bryant Stats | Basketball-Reference.com,undefined
"--- When using SR data, please cite us and provide a link and/or a mention.


 
Season,Age,Tm,Lg,Pos,G,MP,PER,TS%,3PAr,FTr,ORB%,DRB%,TRB%,AST%,STL%,BLK%,TOV%,USG%,,OWS,DWS,WS,WS/48,,OBPM,DBPM,BPM,VORP
2006-07,20,SEA,NBA,C,28,169,8.5,.429,.000,.592,11.3,20.8,16.0,0.0,0.9,5.5,15.1,19.5,,-0.2,0.2,0.0,-0.011,,-6.3,-1.7,-8.1,-0.3
2007-08,21,SEA,NBA,C,13,62,18.2,.476,.000,.708,12.3,15.8,14.1,2.6,0.0,8.1,0.0,22.0,,0.1,0.1,0.2,.121,,-1.6,-1.6,-3.2,0.0
2008-09,22,TOT,NBA,C,6,29,32.9,.746,.000,1.111,19.0,35.9,27.3,0.0,1.8,7.6,23.0,26.5,,0.1,0.1,0.2,.274,,5.5,3.1,8.5,0.1
2008-09,22,OKC,NBA,C,5,23,33.2,.776,.000,1.286,14.8,30.6,22.5,0.0,2.2,6.4,21.5,26.8,,0.1,0.0,0.1,.292,,5.5,3.4,8.9,0.1
2008-09,22,NYK,NBA,C,1,6,32.0,.615,.000,.500,35.3,56.6,45.6,0.0,0.0,12.2,29.1,25.0,,0.0,0.0,0.0,.207,,5.2,1.8,7.0,0.0
Career,,,NBA,,47,260,13.5,.483,.000,.683,12.4,21.3,16.8,0.6,0.8,6.3,12.3,20.9,,0.0,0.3,0.3,.052,,-3.9,-1.2,-5.1,-0.2
,,,,,,,,,,,,,,,,,,,,,,,,,,,,
3 seasons,,SEAOKC,NBA,,46,254,13.1,.480,.000,.688,11.8,20.4,16.1,0.6,0.8,6.2,11.8,20.8,,0.0,0.3,0.3,.049,,-4.1,-1.2,-5.4,-0.2
1 season,,NYK,NBA,,1,6,32.0,.615,.000,.500,35.3,56.6,45.6,0.0,0.0,12.2,29.1,25.0,,0.0,0.0,0.0,.207,,5.2,1.8,7.0,0.0",Mouhamed Sene Stats | Basketball-Reference.com,undefined
"--- When using SR data, please cite us and provide a link and/or a mention.


 
Season,Age,Tm,Lg,Pos,G,MP,PER,TS%,3PAr,FTr,ORB%,DRB%,TRB%,AST%,STL%,BLK%,TOV%,USG%,,OWS,DWS,WS,WS/48,,OBPM,DBPM,BPM,VORP
2006-07,22,ORL,NBA,PG,42,622,13.0,.569,.503,.308,2.0,8.1,5.2,9.7,1.0,0.0,8.7,18.1,,1.2,0.5,1.7,.134,,0.8,-0.7,0.1,0.3
2007-08,23,ORL,NBA,SG,34,276,12.7,.569,.398,.315,0.4,8.8,4.8,9.7,0.7,0.0,10.9,22.9,,0.3,0.2,0.5,.091,,-1.0,-1.4,-2.4,0.0
2008-09,24,ORL,NBA,SG,64,1111,9.9,.562,.599,.311,0.8,10.0,5.5,10.3,1.0,0.1,13.7,16.4,,0.8,1.5,2.3,.098,,-1.3,0.3,-1.0,0.3
2009-10,25,ORL,NBA,SG,82,1808,15.0,.606,.495,.401,1.1,8.5,5.0,13.9,0.8,0.2,8.8,18.3,,4.7,1.8,6.5,.173,,1.8,0.1,1.8,1.8
2010-11,26,ORL,NBA,SG,59,1513,12.8,.589,.490,.286,0.5,8.1,4.4,11.0,1.0,0.2,9.5,17.0,,2.7,1.8,4.5,.142,,0.4,0.7,1.1,1.2
2011-12,27,ORL,NBA,SG,65,1765,15.1,.575,.459,.269,1.2,8.8,4.9,16.2,0.8,0.3,9.4,19.2,,4.2,1.0,5.2,.142,,1.6,-0.6,1.0,1.3
2012-13,28,TOT,NBA,SG,78,2379,14.7,.571,.513,.216,0.8,7.3,4.0,20.0,0.8,0.3,12.5,20.8,,4.0,0.5,4.5,.091,,1.3,-1.7,-0.4,0.9
2012-13,28,ORL,NBA,SG,50,1575,16.1,.592,.515,.222,0.6,7.9,4.3,22.7,1.0,0.2,14.1,21.5,,3.0,0.2,3.2,.097,,2.2,-1.8,0.4,0.9
2012-13,28,MIL,NBA,SG,28,804,11.9,.529,.507,.205,1.0,6.1,3.5,14.8,0.6,0.4,9.2,19.4,,1.0,0.3,1.3,.078,,-0.5,-1.5,-2.0,0.0
2013-14,29,LAC,NBA,SG,35,987,16.6,.598,.465,.266,1.0,7.1,4.2,12.6,1.4,0.2,8.6,21.8,,2.3,0.7,3.0,.147,,2.5,-0.8,1.7,0.9
2014-15,30,LAC,NBA,SG,78,2409,16.2,.622,.488,.216,1.0,6.6,3.9,9.0,0.8,0.3,8.5,21.0,,5.8,0.9,6.7,.134,,2.9,-1.6,1.3,2.0
2015-16,31,LAC,NBA,SG,75,2097,17.5,.632,.478,.233,0.5,6.6,3.6,8.6,1.0,0.2,7.4,22.6,,5.3,1.4,6.7,.154,,3.3,-1.1,2.2,2.2
2016-17,32,LAC,NBA,SG,78,2198,14.8,.599,.526,.227,0.6,7.9,4.4,7.8,1.2,0.5,9.1,22.0,,3.3,1.5,4.8,.105,,1.6,-1.2,0.4,1.4
2017-18,33,PHI,NBA,SG,70,2116,15.9,.614,.523,.248,0.5,8.3,4.5,15.1,0.8,0.2,9.6,21.7,,4.8,1.8,6.6,.150,,2.2,-1.1,1.1,1.7
2018-19,34,PHI,NBA,SG,76,2379,15.1,.602,.589,.248,0.9,7.2,4.1,12.9,0.6,0.6,8.1,21.9,,4.6,1.2,5.9,.118,,2.2,-2.0,0.2,1.3
2019-20,35,NOP,NBA,SG,60,1581,15.4,.644,.629,.293,0.7,9.5,5.1,10.8,0.6,0.5,9.5,20.4,,3.6,0.6,4.1,.125,,2.3,-1.7,0.7,1.1
Career,,,NBA,,896,23241,15.0,.603,.520,.259,0.8,7.9,4.4,12.4,0.9,0.3,9.4,20.5,,47.8,15.3,63.0,.130,,1.8,-1.0,0.8,16.3
,,,,,,,,,,,,,,,,,,,,,,,,,,,,
7 seasons,,ORL,NBA,,396,8670,14.0,.585,.499,.297,0.9,8.5,4.8,14.6,0.9,0.2,10.8,18.7,,16.9,7.0,23.9,.132,,1.0,-0.4,0.6,5.8
4 seasons,,LAC,NBA,,266,7691,16.2,.615,.493,.231,0.8,7.1,4.0,9.0,1.1,0.3,8.4,21.8,,16.8,4.5,21.2,.133,,2.6,-1.2,1.3,6.5
2 seasons,,PHI,NBA,,146,4495,15.5,.608,.559,.248,0.7,7.7,4.3,14.0,0.7,0.4,8.8,21.8,,9.5,3.0,12.5,.133,,2.2,-1.6,0.6,3.0
1 season,,NOP,NBA,,60,1581,15.4,.644,.629,.293,0.7,9.5,5.1,10.8,0.6,0.5,9.5,20.4,,3.6,0.6,4.1,.125,,2.3,-1.7,0.7,1.1
1 season,,MIL,NBA,,28,804,11.9,.529,.507,.205,1.0,6.1,3.5,14.8,0.6,0.4,9.2,19.4,,1.0,0.3,1.3,.078,,-0.5,-1.5,-2.0,0.0",J.J. Redick Stats | Basketball-Reference.com,undefined
"--- When using SR data, please cite us and provide a link and/or a mention.


 
Season,Age,Tm,Lg,Pos,G,MP,PER,TS%,3PAr,FTr,ORB%,DRB%,TRB%,AST%,STL%,BLK%,TOV%,USG%,,OWS,DWS,WS,WS/48,,OBPM,DBPM,BPM,VORP
2006-07,22,NOK,NBA,C,56,634,12.2,.570,.000,.536,10.3,17.0,13.6,2.5,1.0,3.3,18.5,13.6,,0.5,0.7,1.2,.091,,-2.9,0.3,-2.6,-0.1
2007-08,23,NOH,NBA,C,65,732,7.7,.498,.000,.473,10.1,16.0,13.0,4.4,1.1,3.6,24.8,15.1,,-0.5,1.0,0.5,.032,,-6.3,0.5,-5.8,-0.7
2008-09,24,NOH,NBA,C,70,1092,10.7,.585,.008,.398,9.0,12.6,10.8,4.4,1.3,3.5,21.7,16.3,,0.2,1.3,1.5,.068,,-4.2,0.4,-3.8,-0.5
2009-10,25,TOT,NBA,CPF,33,335,6.9,.381,.013,.405,9.2,19.2,14.1,8.8,2.3,2.7,19.1,15.5,,-0.5,0.4,-0.1,-0.017,,-6.7,0.5,-6.1,-0.4
2009-10,25,NOH,NBA,PF,18,239,7.5,.409,.000,.560,8.2,22.0,15.0,9.3,1.7,2.5,17.3,14.4,,-0.2,0.3,0.1,.010,,-6.4,0.6,-5.8,-0.2
2009-10,25,SAC,NBA,C,6,56,8.4,.388,.000,.167,10.1,18.6,14.3,5.0,1.8,5.2,23.7,13.3,,-0.1,0.1,0.0,-0.012,,-4.0,1.0,-3.0,0.0
2009-10,25,HOU,NBA,C,9,40,1.1,.280,.059,.118,13.8,3.0,8.6,11.5,6.4,0.0,21.9,25.3,,-0.2,0.1,-0.2,-0.185,,-12.0,-0.6,-12.6,-0.1
2010-11,26,TOT,NBA,C,53,488,8.8,.508,.053,.434,9.5,21.6,15.4,4.2,1.9,3.3,23.6,10.9,,-0.1,0.6,0.5,.045,,-4.7,1.0,-3.7,-0.2
2010-11,26,WAS,NBA,C,41,412,8.6,.519,.047,.359,10.4,21.5,15.8,3.5,1.9,3.0,25.2,10.6,,-0.1,0.4,0.4,.043,,-5.0,0.9,-4.2,-0.2
2010-11,26,ATL,NBA,C,12,76,10.1,.457,.083,.833,4.8,22.0,13.5,7.8,2.1,5.0,15.5,12.1,,-0.1,0.1,0.1,.054,,-3.2,2.0,-1.2,0.0
2013-14,29,GSW,NBA,C,15,97,17.0,.480,.000,.842,21.8,31.0,26.5,7.1,2.1,3.1,18.7,14.5,,0.1,0.2,0.3,.162,,-0.7,0.5,-0.1,0.0
Career,,,NBA,,292,3378,9.9,.529,.010,.456,10.0,16.6,13.2,4.5,1.4,3.3,21.7,14.6,,-0.4,4.3,3.9,.055,,-4.6,0.5,-4.1,-1.8
,,,,,,,,,,,,,,,,,,,,,,,,,,,,
4 seasons,,NOKNOH,NBA,,209,2697,9.9,.543,.004,.462,9.5,15.4,12.4,4.4,1.2,3.4,21.5,15.2,,-0.1,3.3,3.3,.058,,-4.7,0.4,-4.2,-1.5
1 season,,WAS,NBA,,41,412,8.6,.519,.047,.359,10.4,21.5,15.8,3.5,1.9,3.0,25.2,10.6,,-0.1,0.4,0.4,.043,,-5.0,0.9,-4.2,-0.2
1 season,,GSW,NBA,,15,97,17.0,.480,.000,.842,21.8,31.0,26.5,7.1,2.1,3.1,18.7,14.5,,0.1,0.2,0.3,.162,,-0.7,0.5,-0.1,0.0
1 season,,ATL,NBA,,12,76,10.1,.457,.083,.833,4.8,22.0,13.5,7.8,2.1,5.0,15.5,12.1,,-0.1,0.1,0.1,.054,,-3.2,2.0,-1.2,0.0
1 season,,HOU,NBA,,9,40,1.1,.280,.059,.118,13.8,3.0,8.6,11.5,6.4,0.0,21.9,25.3,,-0.2,0.1,-0.2,-0.185,,-12.0,-0.6,-12.6,-0.1
1 season,,SAC,NBA,,6,56,8.4,.388,.000,.167,10.1,18.6,14.3,5.0,1.8,5.2,23.7,13.3,,-0.1,0.1,0.0,-0.012,,-4.0,1.0,-3.0,0.0",Hilton Armstrong Stats | Basketball-Reference.com,undefined
"--- When using SR data, please cite us and provide a link and/or a mention.


 
Season,Age,Tm,Lg,Pos,G,MP,PER,TS%,3PAr,FTr,ORB%,DRB%,TRB%,AST%,STL%,BLK%,TOV%,USG%,,OWS,DWS,WS,WS/48,,OBPM,DBPM,BPM,VORP
2006-07,22,CHI,NBA,SG,71,868,8.5,.464,.164,.176,4.6,15.4,10.1,10.7,1.9,1.0,17.9,17.2,,-0.8,1.7,0.8,.047,,-4.2,1.6,-2.6,-0.1
2007-08,23,CHI,NBA,SG,69,1436,11.4,.497,.209,.247,3.8,16.7,10.0,14.3,2.2,1.6,16.6,17.3,,-0.3,1.8,1.5,.050,,-2.3,1.2,-1.0,0.4
2008-09,24,TOT,NBA,SFSG,66,1453,12.1,.500,.244,.204,4.2,14.9,9.6,11.4,2.7,2.3,14.1,13.8,,0.4,1.8,2.2,.074,,-1.4,2.3,0.8,1.0
2008-09,24,CHI,NBA,SF,43,735,11.7,.503,.275,.137,4.1,15.0,9.6,13.1,2.5,1.9,16.1,14.0,,0.1,0.9,1.0,.067,,-1.2,1.7,0.5,0.5
2008-09,24,OKC,NBA,SG,23,718,12.5,.497,.211,.274,4.4,14.8,9.5,9.8,2.9,2.7,12.1,13.7,,0.3,1.0,1.2,.081,,-1.6,2.8,1.2,0.6
2009-10,25,OKC,NBA,SG,82,2348,9.8,.509,.297,.202,3.8,14.8,9.5,8.9,2.1,1.5,15.8,10.9,,0.6,3.4,4.0,.082,,-1.9,2.0,0.1,1.3
2010-11,26,OKC,NBA,SG,79,2049,10.4,.545,.306,.237,3.8,15.5,9.9,7.9,2.5,1.4,13.0,9.4,,1.6,2.5,4.1,.097,,-1.3,1.9,0.6,1.3
2011-12,27,OKC,NBA,SG,42,914,9.8,.584,.458,.277,2.8,12.5,8.0,7.4,2.1,1.4,18.7,10.6,,0.8,1.0,1.8,.095,,-1.3,1.7,0.4,0.6
2012-13,28,OKC,NBA,SG,81,2229,12.8,.617,.554,.148,3.2,12.4,8.2,8.2,2.4,1.5,11.4,11.4,,3.6,3.1,6.8,.146,,0.6,1.8,2.4,2.5
2013-14,29,OKC,NBA,SG,61,1584,10.4,.517,.447,.203,3.7,11.5,7.8,8.3,2.5,0.9,12.9,11.9,,0.9,2.1,3.0,.092,,-1.2,1.5,0.3,0.9
2014-15,30,ATL,NBA,SF,52,976,13.8,.506,.313,.233,6.4,19.3,13.1,11.2,2.8,1.8,12.2,14.6,,0.8,1.7,2.5,.121,,-0.8,1.8,1.0,0.8
2015-16,31,ATL,NBA,SF,75,1758,12.4,.578,.333,.266,3.3,17.1,10.4,8.8,2.4,1.7,14.1,12.3,,1.3,3.2,4.5,.122,,-1.5,2.3,0.8,1.3
2016-17,32,ATL,NBA,SF,62,1596,11.9,.519,.304,.190,3.8,14.7,9.3,9.9,3.0,1.7,11.9,13.3,,0.6,2.7,3.3,.098,,-2.1,2.5,0.4,1.0
2017-18,33,UTA,NBA,SF,38,806,15.8,.591,.350,.225,4.1,18.4,11.3,6.3,3.2,1.3,10.2,16.4,,1.0,1.6,2.6,.156,,0.2,2.5,2.7,0.9
2018-19,34,UTA,NBA,SF,50,609,12.1,.599,.523,.148,1.4,20.1,10.9,6.1,3.4,0.7,13.6,12.9,,0.2,1.2,1.5,.115,,-1.6,3.1,1.5,0.5
2019-20,35,HOU,NBA,PF,41,436,9.4,.487,.593,.088,5.0,17.5,11.2,7.5,2.5,2.4,13.7,10.4,,0.0,0.6,0.7,.072,,-2.9,1.6,-1.2,0.1
Career,,,NBA,,869,19062,11.4,.536,.344,.208,3.8,15.2,9.6,9.2,2.5,1.5,14.0,12.7,,10.8,28.5,39.3,.099,,-1.4,2.0,0.6,12.4
,,,,,,,,,,,,,,,,,,,,,,,,,,,,
6 seasons,,OKC,NBA,,368,9842,10.9,.548,.393,.208,3.6,13.7,8.9,8.3,2.4,1.4,13.7,11.0,,7.8,13.2,21.0,.102,,-1.0,1.9,0.9,7.1
3 seasons,,ATL,NBA,,189,4330,12.5,.538,.317,.228,4.2,16.7,10.6,9.8,2.7,1.7,12.8,13.2,,2.6,7.5,10.2,.113,,-1.5,2.3,0.7,3.0
3 seasons,,CHI,NBA,,183,3039,10.7,.488,.210,.203,4.1,15.9,9.9,13.0,2.2,1.5,16.9,16.4,,-1.0,4.4,3.4,.053,,-2.6,1.5,-1.1,0.7
2 seasons,,UTA,NBA,,88,1415,14.2,.594,.416,.195,3.0,19.1,11.2,6.2,3.3,1.0,11.5,14.9,,1.3,2.8,4.1,.138,,-0.6,2.8,2.2,1.5
1 season,,HOU,NBA,,41,436,9.4,.487,.593,.088,5.0,17.5,11.2,7.5,2.5,2.4,13.7,10.4,,0.0,0.6,0.7,.072,,-2.9,1.6,-1.2,0.1",Thabo Sefolosha Stats | Basketball-Reference.com,undefined
"--- When using SR data, please cite us and provide a link and/or a mention.


 
Season,Age,Tm,Lg,Pos,G,MP,PER,TS%,3PAr,FTr,ORB%,DRB%,TRB%,AST%,STL%,BLK%,TOV%,USG%,,OWS,DWS,WS,WS/48,,OBPM,DBPM,BPM,VORP
2006-07,21,UTA,NBA,SG,56,675,15.2,.566,.047,.430,6.7,6.8,6.7,5.7,2.9,0.7,9.5,16.8,,1.1,0.7,1.7,.124,,0.2,1.0,1.2,0.6
2007-08,22,UTA,NBA,SG,76,2088,18.4,.612,.079,.405,5.7,7.0,6.4,9.7,3.2,0.7,8.5,17.5,,5.4,2.4,7.8,.178,,2.2,1.6,3.8,3.1
2008-09,23,UTA,NBA,SF,81,2605,16.1,.565,.103,.425,4.6,9.1,6.9,10.9,2.7,0.9,10.1,18.8,,3.9,2.9,6.8,.126,,0.5,1.0,1.5,2.3
2009-10,24,TOT,NBA,SG,58,1742,12.5,.524,.072,.310,3.1,9.4,6.4,12.7,2.7,0.7,9.8,13.9,,1.6,2.2,3.7,.103,,-0.8,2.0,1.1,1.4
2009-10,24,UTA,NBA,SG,53,1662,12.8,.530,.075,.308,3.2,9.4,6.4,13.1,2.6,0.7,9.7,14.1,,1.7,2.1,3.8,.108,,-0.6,1.9,1.3,1.4
2009-10,24,MEM,NBA,SG,5,80,5.9,.329,.000,.385,1.5,8.8,5.1,4.9,3.8,0.0,11.6,9.4,,-0.1,0.1,0.0,-0.010,,-5.1,2.5,-2.6,0.0
2010-11,25,CHI,NBA,SG,81,1781,13.8,.518,.063,.311,3.7,13.2,8.6,12.1,3.2,0.9,10.2,13.9,,1.7,3.8,5.4,.147,,-1.3,3.7,2.4,2.0
2011-12,26,CHI,NBA,SG,66,1635,12.3,.465,.155,.225,5.0,10.6,7.9,12.7,2.4,0.9,10.8,15.3,,1.0,2.9,3.9,.113,,-1.5,2.2,0.7,1.1
2012-13,27,TOT,NBA,SF,60,853,10.0,.416,.384,.197,5.7,13.5,9.6,8.6,2.7,0.6,7.7,12.7,,0.1,1.0,1.1,.060,,-1.7,0.9,-0.7,0.3
2012-13,27,NYK,NBA,SF,46,711,10.2,.432,.406,.223,4.6,12.1,8.2,8.4,2.6,0.7,6.8,13.6,,0.1,0.7,0.8,.057,,-1.6,0.8,-0.8,0.2
2012-13,27,OKC,NBA,SF,14,142,9.1,.283,.217,.000,11.3,20.3,16.2,9.4,3.3,0.0,14.8,8.6,,0.0,0.3,0.2,.072,,-2.2,1.7,-0.6,0.1
2013-14,28,TOT,NBA,SF,24,160,3.4,.220,.533,.133,1.5,7.9,4.9,8.1,1.9,0.5,11.2,4.9,,-0.1,0.1,0.0,.004,,-3.8,1.4,-2.4,0.0
2013-14,28,HOU,NBA,SF,23,158,3.5,.220,.533,.133,1.5,8.0,4.9,8.2,1.9,0.5,11.2,5.0,,-0.1,0.1,0.0,.004,,-3.8,1.5,-2.3,0.0
2013-14,28,CHI,NBA,SF,1,2,0.0,,,,0.0,0.0,0.0,0.0,0.0,0.0,,0.0,,0.0,0.0,0.0,.029,,-4.4,-3.9,-8.3,0.0
Career,,,NBA,,502,11539,14.4,.539,.112,.347,4.7,9.8,7.3,10.9,2.8,0.8,9.6,15.8,,14.6,15.9,30.4,.127,,-0.2,1.8,1.6,10.6
,,,,,,,,,,,,,,,,,,,,,,,,,,,,
4 seasons,,UTA,NBA,,266,7030,15.9,.573,.085,.396,4.8,8.4,6.6,10.6,2.9,0.8,9.5,17.1,,12.0,8.1,20.1,.137,,0.7,1.4,2.1,7.3
3 seasons,,CHI,NBA,,148,3418,13.1,.492,.110,.267,4.3,12.0,8.3,12.4,2.8,0.9,10.5,14.6,,2.7,6.6,9.3,.130,,-1.4,2.9,1.5,3.1
1 season,,NYK,NBA,,46,711,10.2,.432,.406,.223,4.6,12.1,8.2,8.4,2.6,0.7,6.8,13.6,,0.1,0.7,0.8,.057,,-1.6,0.8,-0.8,0.2
1 season,,HOU,NBA,,23,158,3.5,.220,.533,.133,1.5,8.0,4.9,8.2,1.9,0.5,11.2,5.0,,-0.1,0.1,0.0,.004,,-3.8,1.5,-2.3,0.0
1 season,,OKC,NBA,,14,142,9.1,.283,.217,.000,11.3,20.3,16.2,9.4,3.3,0.0,14.8,8.6,,0.0,0.3,0.2,.072,,-2.2,1.7,-0.6,0.1
1 season,,MEM,NBA,,5,80,5.9,.329,.000,.385,1.5,8.8,5.1,4.9,3.8,0.0,11.6,9.4,,-0.1,0.1,0.0,-0.010,,-5.1,2.5,-2.6,0.0",Ronnie Brewer Stats | Basketball-Reference.com,undefined
"--- When using SR data, please cite us and provide a link and/or a mention.


 
Season,Age,Tm,Lg,Pos,G,MP,PER,TS%,3PAr,FTr,ORB%,DRB%,TRB%,AST%,STL%,BLK%,TOV%,USG%,,OWS,DWS,WS,WS/48,,OBPM,DBPM,BPM,VORP
2006-07,21,NOK,NBA,PF,43,534,8.0,.430,.000,.250,9.3,13.9,11.6,3.5,0.8,3.4,13.1,14.4,,-0.3,0.5,0.3,.025,,-4.6,0.2,-4.4,-0.3
2007-08,22,TOT,NBA,PF,14,87,0.0,.217,.000,.714,7.6,16.2,11.8,0.0,1.2,4.5,24.6,12.6,,-0.4,0.1,-0.2,-0.134,,-8.5,-0.9,-9.4,-0.2
2007-08,22,CLE,NBA,PF,7,68,2.4,.210,.000,1.333,8.1,17.3,12.6,0.0,1.6,5.8,29.6,9.0,,-0.2,0.1,-0.1,-0.070,,-7.5,0.8,-6.7,-0.1
2007-08,22,CHI,NBA,PF,7,19,-8.7,.225,.000,.250,5.7,12.3,8.9,0.0,0.0,0.0,18.4,25.3,,-0.2,0.0,-0.1,-0.362,,-12.1,-6.9,-19.1,-0.1
2008-09,23,TOT,NBA,PF,18,84,10.8,.453,.000,.640,6.9,15.1,11.0,3.9,0.6,3.5,5.9,18.1,,0.0,0.1,0.0,.022,,-2.4,-1.8,-4.1,0.0
2008-09,23,CHI,NBA,PF,11,61,18.0,.515,.000,.667,7.6,14.9,11.3,5.4,0.8,4.8,0.0,19.8,,0.1,0.1,0.2,.139,,1.3,-0.3,1.0,0.0
2008-09,23,SAC,NBA,PF,7,23,-8.3,.102,.000,.500,5.0,15.3,10.2,0.0,0.0,0.0,29.1,13.4,,-0.1,0.0,-0.1,-0.288,,-12.1,-5.8,-17.9,-0.1
Career,,,NBA,,75,705,7.3,.414,.000,.345,8.8,14.4,11.5,3.1,0.8,3.6,13.2,14.6,,-0.6,0.7,0.1,.005,,-4.8,-0.2,-5.0,-0.5
,,,,,,,,,,,,,,,,,,,,,,,,,,,,
1 season,,NOK,NBA,,43,534,8.0,.430,.000,.250,9.3,13.9,11.6,3.5,0.8,3.4,13.1,14.4,,-0.3,0.5,0.3,.025,,-4.6,0.2,-4.4,-0.3
2 seasons,,CHI,NBA,,18,80,11.6,.444,.000,.552,7.1,14.3,10.7,4.1,0.6,3.6,5.3,21.2,,0.0,0.1,0.0,.020,,-1.9,-1.9,-3.7,0.0
1 season,,CLE,NBA,,7,68,2.4,.210,.000,1.333,8.1,17.3,12.6,0.0,1.6,5.8,29.6,9.0,,-0.2,0.1,-0.1,-0.070,,-7.5,0.8,-6.7,-0.1
1 season,,SAC,NBA,,7,23,-8.3,.102,.000,.500,5.0,15.3,10.2,0.0,0.0,0.0,29.1,13.4,,-0.1,0.0,-0.1,-0.288,,-12.1,-5.8,-17.9,-0.1",Cedric Simmons Stats | Basketball-Reference.com,undefined
"--- When using SR data, please cite us and provide a link and/or a mention.


 
Season,Age,Tm,Lg,Pos,G,MP,PER,TS%,3PAr,FTr,ORB%,DRB%,TRB%,AST%,STL%,BLK%,TOV%,USG%,,OWS,DWS,WS,WS/48,,OBPM,DBPM,BPM,VORP
2006-07,22,PHI,NBA,SF,67,1169,11.4,.514,.184,.222,4.0,9.1,6.6,3.8,1.7,1.5,9.1,18.7,,0.4,1.0,1.3,.055,,-1.8,-0.4,-2.2,-0.1
2007-08,23,PHI,NBA,SF,70,1039,12.1,.478,.306,.207,5.7,11.4,8.5,5.0,2.0,1.8,7.4,20.0,,0.4,1.2,1.6,.075,,-1.4,-0.3,-1.7,0.1
2008-09,24,MIN,NBA,SG,67,1199,12.1,.532,.534,.156,3.4,9.1,6.1,3.6,2.0,1.9,8.7,18.6,,0.7,0.8,1.5,.059,,-0.4,-0.4,-0.8,0.3
2009-10,25,PHI,NBA,SG,68,857,12.7,.515,.479,.223,3.5,15.5,9.4,6.7,1.5,1.8,6.3,17.6,,0.9,0.6,1.5,.082,,-0.6,-0.7,-1.3,0.2
2010-11,26,TOT,NBA,SF,27,336,10.8,.521,.345,.245,4.3,12.1,8.1,4.8,1.8,1.1,11.6,18.1,,0.1,0.2,0.3,.038,,-1.5,-1.2,-2.8,-0.1
2010-11,26,GSW,NBA,SF,25,331,10.7,.526,.346,.252,4.0,12.3,8.0,4.9,1.7,1.2,11.9,18.0,,0.1,0.2,0.3,.038,,-1.5,-1.3,-2.8,-0.1
2010-11,26,MEM,NBA,SF,2,5,20.4,.333,.333,.000,23.7,0.0,12.0,0.0,10.4,0.0,0.0,27.1,,0.0,0.0,0.0,.071,,-0.6,1.9,1.2,0.0
Career,,,NBA,,299,4600,11.9,.510,.370,.203,4.2,11.0,7.5,4.6,1.8,1.7,8.3,18.7,,2.5,3.7,6.2,.064,,-1.1,-0.5,-1.6,0.5
,,,,,,,,,,,,,,,,,,,,,,,,,,,,
3 seasons,,PHI,NBA,,205,3065,12.0,.501,.307,.217,4.4,11.7,8.0,5.0,1.8,1.7,7.7,18.8,,1.7,2.7,4.4,.069,,-1.3,-0.4,-1.8,0.2
1 season,,MIN,NBA,,67,1199,12.1,.532,.534,.156,3.4,9.1,6.1,3.6,2.0,1.9,8.7,18.6,,0.7,0.8,1.5,.059,,-0.4,-0.4,-0.8,0.3
1 season,,GSW,NBA,,25,331,10.7,.526,.346,.252,4.0,12.3,8.0,4.9,1.7,1.2,11.9,18.0,,0.1,0.2,0.3,.038,,-1.5,-1.3,-2.8,-0.1
1 season,,MEM,NBA,,2,5,20.4,.333,.333,.000,23.7,0.0,12.0,0.0,10.4,0.0,0.0,27.1,,0.0,0.0,0.0,.071,,-0.6,1.9,1.2,0.0",Rodney Carney Stats | Basketball-Reference.com,undefined
"--- When using SR data, please cite us and provide a link and/or a mention.


 
Season,Age,Tm,Lg,Pos,G,MP,PER,TS%,3PAr,FTr,ORB%,DRB%,TRB%,AST%,STL%,BLK%,TOV%,USG%,,OWS,DWS,WS,WS/48,,OBPM,DBPM,BPM,VORP
2006-07,20,IND,NBA,SG,46,556,9.7,.533,.325,.125,6.7,10.6,8.6,6.7,0.6,1.1,12.4,15.5,,0.3,0.4,0.7,.063,,-1.6,-1.1,-2.7,-0.1
2007-08,21,IND,NBA,SF,65,967,12.8,.522,.368,.285,6.0,14.0,9.9,9.8,1.3,2.0,12.2,21.3,,0.4,1.0,1.4,.069,,-1.4,-0.4,-1.8,0.0
2008-09,22,DAL,NBA,SF,15,170,7.5,.345,.304,.196,13.0,18.1,15.5,1.7,0.6,3.9,7.6,17.8,,-0.2,0.2,0.0,-0.012,,-5.1,-1.4,-6.5,-0.2
2010-11,24,NYK,NBA,PF,64,1323,12.2,.558,.551,.127,5.1,15.6,10.3,5.3,1.5,2.8,10.2,15.2,,1.4,1.1,2.5,.089,,-0.5,-0.2,-0.7,0.4
2011-12,25,NJN,NBA,SF,25,514,4.9,.372,.592,.075,4.4,11.2,7.7,4.9,1.0,1.6,7.9,14.7,,-0.5,0.1,-0.4,-0.041,,-4.2,-2.2,-6.4,-0.6
2013-14,27,LAL,NBA,PF,36,751,9.5,.503,.672,.104,3.6,20.2,11.9,5.7,1.2,2.9,9.5,12.9,,0.1,0.6,0.7,.045,,-2.5,0.8,-1.7,0.1
2014-15,28,TOT,NBA,SF,63,1087,10.5,.537,.593,.133,3.9,14.0,9.0,6.5,1.2,1.6,8.6,14.9,,1.1,0.8,1.9,.084,,-1.4,-0.6,-2.0,0.0
2014-15,28,MIA,NBA,SF,44,924,11.2,.574,.633,.138,3.6,14.3,9.0,6.3,1.2,1.6,8.3,14.1,,1.3,0.7,2.0,.102,,-0.7,-0.5,-1.2,0.2
2014-15,28,DET,NBA,SF,19,163,6.7,.388,.433,.117,5.8,12.5,9.0,7.5,1.3,1.9,10.0,19.1,,-0.2,0.1,-0.1,-0.021,,-5.3,-1.4,-6.6,-0.2
Career,,,NBA,,314,5368,10.5,.513,.504,.159,5.2,14.8,9.9,6.4,1.2,2.2,10.2,16.0,,2.6,4.1,6.7,.060,,-1.7,-0.5,-2.2,-0.3
,,,,,,,,,,,,,,,,,,,,,,,,,,,,
2 seasons,,IND,NBA,,111,1523,11.7,.525,.355,.237,6.2,12.8,9.4,8.7,1.0,1.7,12.2,19.2,,0.8,1.4,2.1,.067,,-1.5,-0.6,-2.1,-0.1
1 season,,NYK,NBA,,64,1323,12.2,.558,.551,.127,5.1,15.6,10.3,5.3,1.5,2.8,10.2,15.2,,1.4,1.1,2.5,.089,,-0.5,-0.2,-0.7,0.4
1 season,,MIA,NBA,,44,924,11.2,.574,.633,.138,3.6,14.3,9.0,6.3,1.2,1.6,8.3,14.1,,1.3,0.7,2.0,.102,,-0.7,-0.5,-1.2,0.2
1 season,,LAL,NBA,,36,751,9.5,.503,.672,.104,3.6,20.2,11.9,5.7,1.2,2.9,9.5,12.9,,0.1,0.6,0.7,.045,,-2.5,0.8,-1.7,0.1
1 season,,NJN,NBA,,25,514,4.9,.372,.592,.075,4.4,11.2,7.7,4.9,1.0,1.6,7.9,14.7,,-0.5,0.1,-0.4,-0.041,,-4.2,-2.2,-6.4,-0.6
1 season,,DET,NBA,,19,163,6.7,.388,.433,.117,5.8,12.5,9.0,7.5,1.3,1.9,10.0,19.1,,-0.2,0.1,-0.1,-0.021,,-5.3,-1.4,-6.6,-0.2
1 season,,DAL,NBA,,15,170,7.5,.345,.304,.196,13.0,18.1,15.5,1.7,0.6,3.9,7.6,17.8,,-0.2,0.2,0.0,-0.012,,-5.1,-1.4,-6.5,-0.2",Shawne Williams Stats | Basketball-Reference.com,undefined
"--- When using SR data, please cite us and provide a link and/or a mention.


 
Season,Age,Tm,Lg,Pos,G,MP,PER,TS%,3PAr,FTr,ORB%,DRB%,TRB%,AST%,STL%,BLK%,TOV%,USG%,,OWS,DWS,WS,WS/48,,OBPM,DBPM,BPM,VORP
2007-08,22,WAS,NBA,C,35,320,9.6,.451,.480,.248,7.5,16.9,12.1,3.6,1.0,1.3,10.9,22.4,,-0.2,0.2,0.0,-0.002,,-2.7,-3.4,-6.1,-0.3
2008-09,23,WAS,NBA,C,32,277,14.5,.510,.426,.287,14.4,17.9,16.1,1.2,1.1,0.9,8.1,20.3,,0.4,0.1,0.5,.080,,0.0,-4.2,-4.2,-0.2
2009-10,24,MIN,NBA,C,44,447,12.0,.487,.277,.170,7.9,23.4,15.5,4.0,1.0,2.4,13.7,22.8,,-0.3,0.4,0.1,.010,,-2.7,-1.6,-4.2,-0.3
Career,,,NBA,,111,1044,11.9,.482,.374,.222,9.5,20.0,14.6,3.1,1.0,1.6,11.5,22.0,,-0.1,0.7,0.5,.025,,-2.0,-2.8,-4.8,-0.7
,,,,,,,,,,,,,,,,,,,,,,,,,,,,
2 seasons,,WAS,NBA,,67,597,11.9,.477,.456,.265,10.7,17.4,14.0,2.5,1.1,1.1,9.7,21.4,,0.2,0.3,0.4,.036,,-1.5,-3.8,-5.2,-0.5
1 season,,MIN,NBA,,44,447,12.0,.487,.277,.170,7.9,23.4,15.5,4.0,1.0,2.4,13.7,22.8,,-0.3,0.4,0.1,.010,,-2.7,-1.6,-4.2,-0.3",Oleksiy Pecherov Stats | Basketball-Reference.com,undefined
"--- When using SR data, please cite us and provide a link and/or a mention.


 
Season,Age,Tm,Lg,Pos,G,MP,PER,TS%,3PAr,FTr,ORB%,DRB%,TRB%,AST%,STL%,BLK%,TOV%,USG%,,OWS,DWS,WS,WS/48,,OBPM,DBPM,BPM,VORP
2006-07,22,SAC,NBA,PG,42,359,9.0,.449,.397,.119,3.5,8.7,6.0,6.9,2.1,0.9,10.2,18.5,,-0.3,0.3,0.0,-0.006,,-2.9,-0.9,-3.8,-0.2
2007-08,23,SAC,NBA,PG,74,876,9.7,.495,.364,.155,2.3,8.7,5.6,9.8,1.7,1.1,14.2,21.3,,-0.5,0.5,0.0,.000,,-2.2,-1.2,-3.4,-0.3
2008-09,24,TOT,NBA,PG,27,300,10.2,.486,.418,.173,2.3,10.2,6.2,13.6,0.9,1.2,9.9,19.8,,0.0,0.0,0.0,.008,,-1.4,-2.2,-3.5,-0.1
2008-09,24,SAC,NBA,PG,20,227,8.0,.444,.420,.170,1.5,11.4,6.4,9.3,0.4,1.6,6.0,19.9,,-0.1,0.0,-0.1,-0.024,,-2.2,-2.3,-4.5,-0.1
2008-09,24,TOR,NBA,PG,7,73,17.0,.652,.409,.182,4.9,6.4,5.6,27.1,2.1,0.0,22.8,19.4,,0.1,0.0,0.2,.106,,1.1,-1.7,-0.6,0.0
Career,,,NBA,,143,1535,9.7,.483,.382,.151,2.6,9.0,5.8,9.9,1.7,1.0,12.5,20.3,,-0.7,0.7,0.0,.000,,-2.2,-1.3,-3.5,-0.6
,,,,,,,,,,,,,,,,,,,,,,,,,,,,
3 seasons,,SAC,NBA,,136,1462,9.3,.476,.381,.149,2.5,9.1,5.8,9.0,1.6,1.1,12.0,20.4,,-0.9,0.7,-0.2,-0.005,,-2.4,-1.3,-3.7,-0.6
1 season,,TOR,NBA,,7,73,17.0,.652,.409,.182,4.9,6.4,5.6,27.1,2.1,0.0,22.8,19.4,,0.1,0.0,0.2,.106,,1.1,-1.7,-0.6,0.0",Quincy Douby Stats | Basketball-Reference.com,undefined
"--- When using SR data, please cite us and provide a link and/or a mention.


 
Season,Age,Tm,Lg,Pos,G,MP,PER,TS%,3PAr,FTr,ORB%,DRB%,TRB%,AST%,STL%,BLK%,TOV%,USG%,,OWS,DWS,WS,WS/48,,OBPM,DBPM,BPM,VORP
2006-07,22,NYK,NBA,SF,68,1064,16.1,.531,.098,.327,11.0,21.8,16.4,7.0,2.8,3.3,13.5,15.5,,1.1,1.7,2.8,.125,,-0.7,2.0,1.3,0.9
2007-08,23,NYK,NBA,SF,65,952,11.5,.492,.065,.511,9.6,16.4,12.9,6.5,2.4,2.4,14.0,12.5,,0.4,0.9,1.3,.065,,-2.9,1.0,-1.8,0.0
2008-09,24,DEN,NBA,PF,53,780,16.8,.585,.036,.330,13.2,16.9,15.1,6.9,3.1,2.3,13.4,14.9,,1.3,1.3,2.6,.162,,0.2,1.2,1.4,0.7
2009-10,25,DEN,NBA,SF,13,91,6.6,.339,.389,.333,5.1,23.9,14.6,10.6,4.5,1.7,22.5,13.0,,-0.2,0.2,0.0,-0.001,,-5.8,3.3,-2.4,0.0
2010-11,26,TOT,NBA,SF,8,62,9.3,.542,.154,.308,3.7,9.1,6.5,4.7,3.2,2.4,6.3,11.3,,0.1,0.1,0.1,.114,,-5.0,0.9,-4.1,0.0
2010-11,26,DEN,NBA,SF,5,44,12.8,.604,.000,.444,2.7,7.6,5.2,6.6,3.4,3.4,0.0,10.9,,0.1,0.1,0.2,.182,,-3.6,2.1,-1.5,0.0
2010-11,26,NYK,NBA,SF,3,18,0.7,.375,.500,.000,6.3,12.8,9.5,0.0,2.8,0.0,20.0,12.3,,0.0,0.0,0.0,-0.050,,-8.6,-1.9,-10.5,0.0
2011-12,27,NYK,NBA,SF,14,115,14.3,.570,.281,.344,6.0,20.3,13.1,7.2,1.8,2.1,14.0,16.7,,0.1,0.2,0.3,.142,,-1.3,0.8,-0.5,0.0
Career,,,NBA,,221,3064,14.3,.532,.089,.376,10.6,18.6,14.6,6.9,2.8,2.7,13.8,14.3,,2.8,4.3,7.2,.113,,-1.4,1.5,0.1,1.6
,,,,,,,,,,,,,,,,,,,,,,,,,,,,
4 seasons,,NYK,NBA,,150,2149,13.8,.517,.101,.394,10.1,19.3,14.6,6.7,2.6,2.8,13.8,14.2,,1.6,2.8,4.4,.098,,-1.7,1.5,-0.3,0.9
3 seasons,,DEN,NBA,,71,915,15.6,.566,.063,.335,11.9,17.2,14.6,7.2,3.2,2.3,13.8,14.5,,1.3,1.5,2.8,.146,,-0.6,1.5,0.9,0.7",Renaldo Balkman Stats | Basketball-Reference.com,undefined
"--- When using SR data, please cite us and provide a link and/or a mention.


 
Season,Age,Tm,Lg,Pos,G,MP,PER,TS%,3PAr,FTr,ORB%,DRB%,TRB%,AST%,STL%,BLK%,TOV%,USG%,,OWS,DWS,WS,WS/48,,OBPM,DBPM,BPM,VORP
2006-07,20,BOS,NBA,PG,78,1831,13.1,.472,.064,.409,4.7,14.6,9.5,26.3,3.6,0.3,20.5,16.5,,-0.1,2.6,2.4,.064,,-2.4,2.2,-0.2,0.8
2007-08,21,BOS,NBA,PG,77,2306,15.6,.515,.027,.245,4.3,11.9,8.3,28.2,3.0,0.5,15.7,18.9,,2.3,4.9,7.2,.150,,-0.4,2.6,2.1,2.4
2008-09,22,BOS,NBA,PG,80,2642,18.8,.543,.063,.353,4.8,13.9,9.6,39.7,3.0,0.3,19.2,19.2,,4.8,5.1,9.9,.179,,1.9,2.1,4.0,4.0
2009-10,23,BOS,NBA,PG,81,2963,19.1,.540,.088,.312,4.3,10.5,7.5,43.7,3.3,0.3,19.3,20.2,,4.9,4.7,9.6,.156,,2.2,1.4,3.6,4.2
2010-11,24,BOS,NBA,PG,68,2527,17.1,.495,.064,.197,4.5,9.7,7.2,47.1,3.2,0.3,24.3,18.3,,1.8,4.8,6.6,.126,,1.6,1.4,3.1,3.2
2011-12,25,BOS,NBA,PG,53,1957,17.5,.483,.073,.316,3.9,11.2,7.7,52.5,2.6,0.1,22.8,20.7,,1.5,3.4,4.9,.121,,1.5,0.6,2.2,2.1
2012-13,26,BOS,NBA,PG,38,1423,18.1,.516,.108,.200,3.7,13.6,8.8,49.3,2.6,0.5,22.6,21.7,,1.2,2.0,3.2,.108,,1.6,0.6,2.2,1.5
2013-14,27,BOS,NBA,PG,30,998,15.3,.461,.257,.191,2.4,16.6,9.3,47.7,2.1,0.2,20.7,21.3,,0.2,1.0,1.1,.054,,0.3,-0.6,-0.3,0.5
2014-15,28,TOT,NBA,PG,68,2018,13.5,.448,.133,.121,3.9,16.4,10.1,39.3,2.3,0.3,23.6,19.5,,-0.7,2.3,1.6,.037,,-1.1,0.3,-0.8,0.6
2014-15,28,BOS,NBA,PG,22,699,15.4,.422,.160,.180,3.9,22.3,12.9,49.3,2.7,0.3,25.8,18.2,,-0.2,1.1,0.9,.064,,-0.5,0.9,0.4,0.4
2014-15,28,DAL,NBA,PG,46,1319,12.4,.460,.121,.094,4.0,13.3,8.6,34.0,2.1,0.2,22.6,20.3,,-0.5,1.2,0.6,.023,,-1.4,-0.1,-1.5,0.2
2015-16,29,SAC,NBA,PG,72,2537,16.9,.506,.217,.192,3.3,15.2,9.3,48.0,2.7,0.3,24.7,18.8,,2.3,2.3,4.6,.087,,1.0,0.0,1.0,1.9
2016-17,30,CHI,NBA,PG,69,1843,13.6,.461,.237,.089,4.2,16.6,10.4,37.0,2.7,0.5,22.5,17.8,,-0.4,2.7,2.3,.060,,-1.6,1.0,-0.5,0.7
2017-18,31,NOP,NBA,PG,65,1705,15.3,.522,.304,.093,2.0,14.2,8.4,42.2,2.0,0.5,22.7,16.9,,1.9,1.7,3.6,.101,,0.0,-0.4,-0.3,0.7
2018-19,32,LAL,NBA,PG,46,1369,12.1,.473,.329,.083,2.6,15.5,9.2,35.5,1.9,0.4,22.1,17.4,,-0.2,1.5,1.3,.047,,-1.7,0.2,-1.5,0.2
2019-20,33,LAL,NBA,PG,48,984,12.4,.494,.381,.125,2.6,13.1,7.9,32.9,1.9,0.2,20.8,18.7,,0.1,1.3,1.4,.068,,-1.2,-0.1,-1.3,0.2
Career,,,NBA,,873,27103,16.0,.500,.149,.219,3.9,13.5,8.7,40.9,2.7,0.3,21.5,19.0,,19.6,40.2,59.8,.106,,0.4,1.0,1.3,22.8
,,,,,,,,,,,,,,,,,,,,,,,,,,,,
9 seasons,,BOS,NBA,,527,17346,17.0,.507,.085,.279,4.2,12.7,8.6,41.6,3.0,0.3,20.7,19.4,,16.4,29.5,45.9,.127,,0.9,1.5,2.3,19.1
2 seasons,,LAL,NBA,,94,2353,12.2,.482,.351,.101,2.6,14.5,8.6,34.4,1.9,0.3,21.5,18.0,,-0.1,2.8,2.7,.056,,-1.5,0.0,-1.4,0.3
1 season,,SAC,NBA,,72,2537,16.9,.506,.217,.192,3.3,15.2,9.3,48.0,2.7,0.3,24.7,18.8,,2.3,2.3,4.6,.087,,1.0,0.0,1.0,1.9
1 season,,CHI,NBA,,69,1843,13.6,.461,.237,.089,4.2,16.6,10.4,37.0,2.7,0.5,22.5,17.8,,-0.4,2.7,2.3,.060,,-1.6,1.0,-0.5,0.7
1 season,,NOP,NBA,,65,1705,15.3,.522,.304,.093,2.0,14.2,8.4,42.2,2.0,0.5,22.7,16.9,,1.9,1.7,3.6,.101,,0.0,-0.4,-0.3,0.7
1 season,,DAL,NBA,,46,1319,12.4,.460,.121,.094,4.0,13.3,8.6,34.0,2.1,0.2,22.6,20.3,,-0.5,1.2,0.6,.023,,-1.4,-0.1,-1.5,0.2",Rajon Rondo Stats | Basketball-Reference.com,undefined
"--- When using SR data, please cite us and provide a link and/or a mention.


 
Season,Age,Tm,Lg,Pos,G,MP,PER,TS%,3PAr,FTr,ORB%,DRB%,TRB%,AST%,STL%,BLK%,TOV%,USG%,,OWS,DWS,WS,WS/48,,OBPM,DBPM,BPM,VORP
2006-07,21,NJN,NBA,PG,79,1315,11.5,.474,.310,.162,2.6,11.9,7.3,34.4,1.2,0.1,20.1,25.0,,-1.1,1.0,-0.1,-0.004,,-1.7,-2.0,-3.7,-0.6
2007-08,22,NJN,NBA,PG,53,854,11.0,.499,.485,.160,1.9,11.8,6.9,27.8,1.5,0.3,19.3,20.8,,-0.4,0.5,0.2,.009,,-0.8,-1.6,-2.4,-0.1
2008-09,23,GSW,NBA,PG,9,54,3.7,.305,.353,.353,0.0,8.1,4.0,32.6,0.9,1.3,16.9,18.7,,-0.1,0.0,-0.1,-0.127,,-5.1,-3.1,-8.2,-0.1
2009-10,24,MEM,NBA,PG,62,872,10.6,.456,.299,.203,1.7,10.7,6.2,26.7,1.9,0.1,20.0,18.5,,-0.4,0.5,0.0,.002,,-1.6,-1.5,-3.1,-0.2
Career,,,NBA,,203,3095,11.0,.473,.354,.174,2.1,11.5,6.8,30.4,1.5,0.2,19.8,21.9,,-2.0,2.0,0.0,-0.001,,-1.5,-1.7,-3.3,-1.0
,,,,,,,,,,,,,,,,,,,,,,,,,,,,
2 seasons,,NJN,NBA,,132,2169,11.3,.483,.372,.161,2.3,11.9,7.1,31.8,1.3,0.2,19.8,23.3,,-1.5,1.5,0.1,.001,,-1.4,-1.8,-3.2,-0.7
1 season,,MEM,NBA,,62,872,10.6,.456,.299,.203,1.7,10.7,6.2,26.7,1.9,0.1,20.0,18.5,,-0.4,0.5,0.0,.002,,-1.6,-1.5,-3.1,-0.2
1 season,,GSW,NBA,,9,54,3.7,.305,.353,.353,0.0,8.1,4.0,32.6,0.9,1.3,16.9,18.7,,-0.1,0.0,-0.1,-0.127,,-5.1,-3.1,-8.2,-0.1",Marcus Williams Stats | Basketball-Reference.com,undefined
"--- When using SR data, please cite us and provide a link and/or a mention.


 
Season,Age,Tm,Lg,Pos,G,MP,PER,TS%,3PAr,FTr,ORB%,DRB%,TRB%,AST%,STL%,BLK%,TOV%,USG%,,OWS,DWS,WS,WS/48,,OBPM,DBPM,BPM,VORP
2006-07,22,NJN,NBA,PF,61,669,14.6,.587,.000,.602,11.4,19.6,15.5,2.6,0.9,2.5,13.2,17.4,,0.9,0.8,1.7,.122,,-1.9,-1.0,-2.9,-0.2
2007-08,23,NJN,NBA,PF,70,1773,14.8,.543,.000,.500,12.5,20.8,16.6,5.3,1.1,2.7,11.4,15.4,,1.9,1.8,3.7,.100,,-0.9,-0.9,-1.8,0.1
2008-09,24,NJN,NBA,C,62,995,13.3,.513,.000,.397,12.3,18.7,15.4,5.0,1.2,3.9,11.0,13.3,,0.9,0.9,1.8,.089,,-1.5,-0.2,-1.7,0.1
2009-10,25,NJN,NBA,PF,63,1045,13.7,.509,.000,.260,13.1,22.0,17.4,4.6,1.5,3.4,13.0,12.5,,0.7,1.1,1.8,.084,,-1.8,-0.2,-2.0,0.0
Career,,,NBA,,256,4482,14.2,.538,.000,.444,12.4,20.4,16.4,4.7,1.2,3.1,11.9,14.6,,4.3,4.7,9.1,.097,,-1.4,-0.6,-2.0,0.0",Josh Boone Stats | Basketball-Reference.com,undefined
"--- When using SR data, please cite us and provide a link and/or a mention.


 
Season,Age,Tm,Lg,Pos,G,MP,PER,TS%,3PAr,FTr,ORB%,DRB%,TRB%,AST%,STL%,BLK%,TOV%,USG%,,OWS,DWS,WS,WS/48,,OBPM,DBPM,BPM,VORP
2006-07,20,MEM,NBA,PG,10,175,18.3,.556,.211,.737,8.2,13.0,10.6,27.3,4.1,0.4,19.3,16.1,,0.4,0.2,0.5,.148,,1.1,3.5,4.7,0.3
2007-08,21,MEM,NBA,PG,82,2089,14.3,.531,.236,.588,2.2,11.3,6.7,21.8,2.2,0.8,14.6,18.6,,2.1,1.3,3.4,.078,,-1.2,0.3,-0.9,0.6
2008-09,22,TOT,NBA,PG,77,1679,14.4,.547,.226,.521,1.9,11.6,6.8,26.4,2.2,0.8,18.0,18.1,,1.8,1.8,3.6,.103,,-0.7,0.8,0.2,0.9
2008-09,22,MEM,NBA,PG,49,1071,14.1,.540,.254,.592,1.5,11.4,6.4,26.9,2.4,0.6,18.7,18.4,,0.9,0.9,1.8,.081,,-0.9,0.2,-0.7,0.3
2008-09,22,HOU,NBA,PG,28,608,15.0,.561,.179,.401,2.6,12.0,7.5,25.7,1.8,1.1,16.6,17.5,,0.9,0.9,1.8,.143,,-0.3,2.1,1.7,0.6
2009-10,23,HOU,NBA,PG,68,1651,15.5,.536,.293,.560,6.1,11.2,8.6,27.7,1.9,0.4,16.7,18.6,,2.9,1.4,4.3,.126,,0.4,0.4,0.8,1.2
2010-11,24,HOU,NBA,PG,75,2563,16.5,.550,.424,.310,3.9,9.7,6.8,29.4,2.0,0.6,14.7,18.6,,5.1,1.8,7.0,.130,,2.0,0.0,2.0,2.6
2011-12,25,HOU,NBA,PG,47,1510,18.8,.558,.411,.386,2.8,13.7,8.2,32.3,2.5,0.7,17.8,22.0,,3.3,1.6,4.9,.156,,2.8,1.2,4.1,2.3
2012-13,26,TOR,NBA,PG,68,2020,17.5,.543,.448,.384,3.2,15.9,9.5,34.6,2.5,1.0,17.7,20.3,,3.5,2.1,5.6,.133,,2.0,0.9,2.9,2.5
2013-14,27,TOR,NBA,PG,79,2862,20.1,.567,.463,.356,3.6,11.5,7.5,34.7,2.2,0.4,13.4,22.9,,8.4,3.3,11.7,.197,,4.1,0.6,4.7,4.8
2014-15,28,TOR,NBA,PG,70,2414,19.3,.527,.375,.299,2.6,13.1,7.8,32.4,2.3,0.4,12.8,25.4,,5.1,2.0,7.1,.141,,3.2,-0.1,3.0,3.1
2015-16,29,TOR,NBA,PG,77,2851,22.2,.578,.457,.410,2.2,12.3,7.3,29.9,2.9,1.0,13.7,26.1,,8.0,3.7,11.6,.196,,4.7,1.1,5.8,5.7
2016-17,30,TOR,NBA,PG,60,2244,22.9,.623,.510,.398,2.4,12.0,7.2,29.9,2.0,0.7,13.8,24.9,,7.8,2.3,10.1,.216,,5.8,0.4,6.1,4.6
2017-18,31,TOR,NBA,PG,78,2510,19.5,.598,.631,.276,3.0,16.1,9.7,30.9,1.7,0.6,14.7,21.7,,7.0,3.1,10.2,.194,,4.7,0.5,5.2,4.5
2018-19,32,TOR,NBA,PG,65,2213,16.5,.562,.613,.263,2.1,12.9,7.6,34.8,2.0,1.2,18.1,19.6,,3.6,3.0,6.6,.144,,1.7,0.6,2.3,2.4
2019-20,33,TOR,NBA,PG,58,2098,17.7,.590,.580,.427,1.6,12.8,7.3,30.6,1.9,1.2,15.7,23.1,,4.2,3.3,7.5,.171,,2.2,1.0,3.2,2.8
Career,,,NBA,,914,28879,18.4,.566,.455,.383,2.9,12.6,7.8,30.6,2.2,0.7,15.1,21.7,,63.2,30.9,94.1,.156,,2.7,0.6,3.2,38.2
,,,,,,,,,,,,,,,,,,,,,,,,,,,,
8 seasons,,TOR,NBA,,555,19212,19.6,.574,.504,.352,2.6,13.2,8.0,32.2,2.2,0.8,14.7,23.1,,47.6,22.7,70.4,.176,,3.6,0.6,4.3,30.3
4 seasons,,HOU,NBA,,218,6332,16.6,.549,.369,.397,4.1,11.3,7.7,29.3,2.1,0.6,16.2,19.3,,12.2,5.8,18.0,.137,,1.6,0.6,2.2,6.7
3 seasons,,MEM,NBA,,141,3335,14.5,.535,.241,.595,2.3,11.4,6.8,23.7,2.4,0.7,16.1,18.4,,3.4,2.4,5.8,.083,,-1.0,0.4,-0.5,1.2",Kyle Lowry Stats | Basketball-Reference.com,undefined
"--- When using SR data, please cite us and provide a link and/or a mention.


 
Season,Age,Tm,Lg,Pos,G,MP,PER,TS%,3PAr,FTr,ORB%,DRB%,TRB%,AST%,STL%,BLK%,TOV%,USG%,,OWS,DWS,WS,WS/48,,OBPM,DBPM,BPM,VORP
2006-07,21,CLE,NBA,SG,23,202,7.5,.455,.338,.189,3.4,8.9,6.0,8.1,1.8,1.2,14.9,21.1,,-0.2,0.3,0.1,.015,,-5.5,-0.2,-5.7,-0.2
2007-08,22,TOT,NBA,SG,21,240,6.3,.411,.238,.230,2.8,6.9,4.7,12.8,2.4,1.0,14.7,30.7,,-0.8,0.3,-0.5,-0.102,,-5.7,-2.1,-7.9,-0.4
2007-08,22,CLE,NBA,SG,15,218,8.1,.433,.261,.207,2.5,7.0,4.7,14.1,2.4,0.4,13.6,29.2,,-0.5,0.2,-0.2,-0.052,,-4.4,-1.5,-5.9,-0.2
2007-08,22,CHI,NBA,SG,6,22,-11.8,.255,.067,.400,5.0,5.3,5.1,0.0,2.3,7.1,22.1,45.5,,-0.3,0.0,-0.3,-0.592,,-19.0,-8.4,-27.4,-0.1
2008-09,23,TOT,NBA,SG,48,477,12.9,.554,.224,.236,2.8,8.1,5.5,13.7,2.5,1.2,17.3,21.4,,0.1,0.6,0.7,.067,,-1.0,0.9,-0.2,0.2
2008-09,23,CHA,NBA,SG,30,341,12.1,.529,.228,.244,2.9,5.8,4.4,14.8,2.9,1.2,17.6,22.9,,-0.1,0.4,0.3,.041,,-1.8,1.1,-0.7,0.1
2008-09,23,LAL,NBA,SG,18,136,15.0,.631,.214,.214,2.5,13.9,8.3,10.9,1.5,1.1,16.4,17.8,,0.2,0.2,0.4,.131,,0.8,0.4,1.2,0.1
2009-10,24,LAL,NBA,SG,82,1700,12.4,.517,.319,.204,2.0,10.0,6.0,9.9,1.7,1.4,9.4,18.8,,1.1,2.3,3.4,.096,,-1.2,0.8,-0.4,0.7
2010-11,25,LAL,NBA,SG,82,1568,13.6,.518,.330,.157,2.6,8.5,5.7,10.0,2.3,0.8,9.8,22.2,,1.1,1.9,3.1,.093,,-0.9,0.2,-0.8,0.5
2011-12,26,PHO,NBA,SG,59,1400,13.6,.507,.314,.166,3.1,9.5,6.3,8.1,1.6,0.8,9.1,22.8,,0.8,0.8,1.6,.054,,-0.2,-0.9,-1.0,0.3
2012-13,27,PHO,NBA,SG,59,1402,13.1,.493,.247,.219,3.5,8.7,6.0,12.8,2.2,0.8,10.6,22.2,,0.4,0.8,1.2,.041,,-1.1,-0.5,-1.6,0.2
2013-14,28,TOT,NBA,SG,29,251,4.7,.419,.030,.318,3.2,9.5,6.4,5.0,2.7,0.0,19.3,17.1,,-0.5,0.3,-0.3,-0.050,,-6.6,-0.1,-6.8,-0.3
2013-14,28,SAS,NBA,SG,10,103,-0.5,.360,.071,.321,1.1,12.6,7.1,6.4,0.5,0.0,20.0,17.5,,-0.3,0.1,-0.2,-0.102,,-8.8,-1.5,-10.3,-0.2
2013-14,28,NYK,NBA,SG,19,148,8.4,.462,.000,.316,4.6,7.4,6.0,4.1,4.3,0.0,18.8,16.7,,-0.2,0.2,0.0,-0.013,,-5.2,0.9,-4.3,-0.1
2014-15,29,MIA,NBA,SG,5,89,4.4,.482,.368,.211,0.0,1.3,0.7,5.2,2.4,0.0,16.2,13.1,,-0.1,0.0,0.0,-0.016,,-5.5,-1.3,-6.8,-0.1
Career,,,NBA,,408,7329,12.4,.503,.291,.194,2.8,9.0,5.9,10.2,2.0,0.9,10.9,21.4,,1.9,7.2,9.2,.060,,-1.4,-0.1,-1.5,1.0
,,,,,,,,,,,,,,,,,,,,,,,,,,,,
3 seasons,,LAL,NBA,,182,3404,13.0,.521,.321,.181,2.3,9.5,5.9,10.0,2.0,1.1,9.9,20.3,,2.5,4.3,6.8,.096,,-1.0,0.5,-0.5,1.3
2 seasons,,PHO,NBA,,118,2802,13.3,.500,.281,.192,3.3,9.1,6.2,10.5,1.9,0.8,9.8,22.5,,1.2,1.6,2.8,.047,,-0.6,-0.7,-1.3,0.5
2 seasons,,CLE,NBA,,38,420,7.9,.442,.292,.200,2.9,7.9,5.4,11.2,2.1,0.7,14.1,25.3,,-0.7,0.5,-0.2,-0.020,,-4.9,-0.9,-5.8,-0.4
1 season,,CHA,NBA,,30,341,12.1,.529,.228,.244,2.9,5.8,4.4,14.8,2.9,1.2,17.6,22.9,,-0.1,0.4,0.3,.041,,-1.8,1.1,-0.7,0.1
1 season,,NYK,NBA,,19,148,8.4,.462,.000,.316,4.6,7.4,6.0,4.1,4.3,0.0,18.8,16.7,,-0.2,0.2,0.0,-0.013,,-5.2,0.9,-4.3,-0.1
1 season,,SAS,NBA,,10,103,-0.5,.360,.071,.321,1.1,12.6,7.1,6.4,0.5,0.0,20.0,17.5,,-0.3,0.1,-0.2,-0.102,,-8.8,-1.5,-10.3,-0.2
1 season,,CHI,NBA,,6,22,-11.8,.255,.067,.400,5.0,5.3,5.1,0.0,2.3,7.1,22.1,45.5,,-0.3,0.0,-0.3,-0.592,,-19.0,-8.4,-27.4,-0.1
1 season,,MIA,NBA,,5,89,4.4,.482,.368,.211,0.0,1.3,0.7,5.2,2.4,0.0,16.2,13.1,,-0.1,0.0,0.0,-0.016,,-5.5,-1.3,-6.8,-0.1",Shannon Brown Stats | Basketball-Reference.com,undefined
"--- When using SR data, please cite us and provide a link and/or a mention.


 
Season,Age,Tm,Lg,Pos,G,MP,PER,TS%,3PAr,FTr,ORB%,DRB%,TRB%,AST%,STL%,BLK%,TOV%,USG%,,OWS,DWS,WS,WS/48,,OBPM,DBPM,BPM,VORP
2006-07,20,LAL,NBA,PG,72,1090,10.8,.515,.466,.129,2.4,10.3,6.4,19.0,2.1,0.5,19.0,15.8,,0.2,0.7,0.9,.038,,-1.4,-0.3,-1.7,0.1
2007-08,21,LAL,NBA,PG,82,1690,15.4,.563,.487,.124,2.7,9.1,6.0,20.5,2.3,0.2,14.0,20.2,,2.1,1.8,3.9,.111,,1.3,0.0,1.3,1.4
2008-09,22,LAL,NBA,PG,65,1192,9.9,.466,.354,.187,2.1,8.9,5.5,18.6,2.4,0.6,16.3,19.6,,-0.7,1.5,0.8,.034,,-2.8,0.2,-2.6,-0.2
2009-10,23,LAL,NBA,PG,82,1474,12.3,.535,.445,.165,1.1,8.8,5.0,13.4,1.8,0.6,11.5,19.0,,1.0,1.8,2.8,.093,,-0.8,0.5,-0.4,0.6
2010-11,24,NJN,NBA,PG,73,1796,14.1,.504,.467,.154,1.5,10.1,5.7,34.9,1.8,0.3,16.7,21.6,,0.8,1.0,1.9,.050,,0.8,-1.3,-0.4,0.7
2011-12,25,NJN,NBA,PG,39,831,17.4,.592,.397,.200,1.0,7.8,4.3,29.0,1.5,0.2,16.6,22.6,,1.8,0.0,1.8,.104,,2.5,-2.1,0.4,0.5
2013-14,27,LAL,NBA,PG,41,912,15.0,.533,.440,.162,2.3,9.8,6.1,34.6,2.0,0.6,19.6,23.2,,0.4,0.4,0.7,.039,,0.8,-1.6,-0.7,0.3
2014-15,28,LAC,NBA,PG,36,529,9.9,.513,.614,.070,1.7,7.1,4.5,18.0,1.9,0.8,16.4,16.6,,0.2,0.4,0.6,.053,,-1.2,-0.1,-1.4,0.1
2015-16,29,MEM,NBA,PG,12,291,13.2,.527,.450,.100,1.5,8.6,4.9,20.6,2.7,0.6,14.7,18.9,,0.2,0.2,0.4,.064,,-0.5,-0.2,-0.7,0.1
2016-17,30,SAC,NBA,PG,2,35,14.4,.500,.750,.000,3.3,6.5,5.0,38.6,2.9,0.0,20.0,19.4,,0.0,0.0,0.0,.063,,2.8,-0.7,2.1,0.0
Career,,,NBA,,504,9840,13.3,.528,.452,.151,1.9,9.2,5.5,23.6,2.0,0.4,15.9,20.0,,5.9,8.0,13.9,.068,,0.0,-0.5,-0.5,3.7
,,,,,,,,,,,,,,,,,,,,,,,,,,,,
5 seasons,,LAL,NBA,,342,6358,12.8,.527,.442,.152,2.1,9.3,5.8,20.3,2.1,0.5,15.5,19.5,,2.9,6.3,9.2,.069,,-0.5,-0.1,-0.6,2.3
2 seasons,,NJN,NBA,,112,2627,15.1,.533,.444,.169,1.3,9.4,5.2,33.0,1.7,0.2,16.6,21.9,,2.6,1.1,3.7,.067,,1.4,-1.5,-0.2,1.2
1 season,,LAC,NBA,,36,529,9.9,.513,.614,.070,1.7,7.1,4.5,18.0,1.9,0.8,16.4,16.6,,0.2,0.4,0.6,.053,,-1.2,-0.1,-1.4,0.1
1 season,,MEM,NBA,,12,291,13.2,.527,.450,.100,1.5,8.6,4.9,20.6,2.7,0.6,14.7,18.9,,0.2,0.2,0.4,.064,,-0.5,-0.2,-0.7,0.1
1 season,,SAC,NBA,,2,35,14.4,.500,.750,.000,3.3,6.5,5.0,38.6,2.9,0.0,20.0,19.4,,0.0,0.0,0.0,.063,,2.8,-0.7,2.1,0.0",Jordan Farmar Stats | Basketball-Reference.com,undefined
"--- When using SR data, please cite us and provide a link and/or a mention.


 
Season,Age,Tm,Lg,Pos,G,MP,PER,TS%,3PAr,FTr,ORB%,DRB%,TRB%,AST%,STL%,BLK%,TOV%,USG%,,OWS,DWS,WS,WS/48,,OBPM,DBPM,BPM,VORP
2006-07,20,POR,NBA,PG,67,862,14.1,.493,.356,.109,2.8,10.4,6.6,41.9,2.2,0.2,23.5,17.8,,0.5,0.4,0.9,.050,,0.4,-1.5,-1.1,0.2
2007-08,21,POR,NBA,PG,72,628,9.0,.423,.296,.194,2.4,8.4,5.4,31.2,2.1,0.0,19.9,20.0,,-0.7,0.5,-0.2,-0.017,,-3.1,-0.5,-3.7,-0.3
2008-09,22,POR,NBA,PG,80,1225,12.5,.491,.347,.234,4.3,9.0,6.6,35.6,2.4,0.1,24.7,18.5,,0.5,1.2,1.7,.068,,-0.9,-0.5,-1.4,0.2
2009-10,23,TOT,NBA,PG,66,1048,14.8,.554,.259,.265,2.6,7.2,4.8,32.2,2.4,0.4,22.5,21.6,,0.6,0.6,1.2,.053,,0.0,-1.3,-1.3,0.2
2009-10,23,SAC,NBA,PG,39,517,16.9,.538,.221,.326,3.3,7.9,5.5,37.7,2.9,0.4,21.4,23.6,,0.4,0.4,0.8,.074,,1.1,-0.6,0.5,0.3
2009-10,23,NYK,NBA,PG,27,531,12.8,.573,.304,.193,1.9,6.5,4.2,26.9,2.0,0.3,24.0,19.5,,0.2,0.2,0.4,.033,,-1.1,-1.9,-3.0,-0.1
2016-17,30,PHI,NBA,PG,68,1518,11.1,.484,.470,.050,1.5,9.9,5.7,35.4,1.6,0.2,18.9,19.3,,-0.3,1.0,0.7,.023,,-1.2,-1.6,-2.7,-0.3
Career,,,NBA,,353,5281,12.4,.495,.363,.158,2.7,9.0,5.8,35.4,2.1,0.2,21.8,19.4,,0.6,3.7,4.3,.039,,-0.8,-1.1,-2.0,0.1
,,,,,,,,,,,,,,,,,,,,,,,,,,,,
3 seasons,,POR,NBA,,219,2715,12.2,.474,.336,.185,3.4,9.3,6.3,36.6,2.3,0.1,23.2,18.6,,0.3,2.1,2.4,.043,,-1.0,-0.8,-1.8,0.1
1 season,,PHI,NBA,,68,1518,11.1,.484,.470,.050,1.5,9.9,5.7,35.4,1.6,0.2,18.9,19.3,,-0.3,1.0,0.7,.023,,-1.2,-1.6,-2.7,-0.3
1 season,,SAC,NBA,,39,517,16.9,.538,.221,.326,3.3,7.9,5.5,37.7,2.9,0.4,21.4,23.6,,0.4,0.4,0.8,.074,,1.1,-0.6,0.5,0.3
1 season,,NYK,NBA,,27,531,12.8,.573,.304,.193,1.9,6.5,4.2,26.9,2.0,0.3,24.0,19.5,,0.2,0.2,0.4,.033,,-1.1,-1.9,-3.0,-0.1",Sergio Rodríguez Stats | Basketball-Reference.com,undefined
"--- When using SR data, please cite us and provide a link and/or a mention.


 
Season,Age,Tm,Lg,Pos,G,MP,PER,TS%,3PAr,FTr,ORB%,DRB%,TRB%,AST%,STL%,BLK%,TOV%,USG%,,OWS,DWS,WS,WS/48,,OBPM,DBPM,BPM,VORP
2006-07,22,DAL,NBA,SG,32,214,2.9,.408,.214,.471,0.6,11.0,5.9,5.0,1.0,1.1,15.1,21.7,,-0.5,0.2,-0.3,-0.060,,-7.4,-1.3,-8.7,-0.4
2007-08,23,TOT,NBA,SG,26,165,1.8,.363,.292,.185,2.8,6.3,4.6,8.0,0.0,0.4,7.9,21.3,,-0.4,0.0,-0.4,-0.114,,-6.8,-4.2,-11.1,-0.4
2007-08,23,DAL,NBA,SG,12,77,-4.4,.253,.296,.222,1.6,4.4,3.0,7.4,0.0,1.0,9.2,19.8,,-0.3,0.0,-0.3,-0.181,,-10.1,-3.6,-13.7,-0.2
2007-08,23,NJN,NBA,SG,14,88,7.1,.443,.289,.158,3.9,7.9,5.9,8.4,0.0,0.0,6.9,22.7,,-0.1,0.0,-0.1,-0.056,,-4.0,-4.8,-8.7,-0.1
2008-09,24,NJN,NBA,SG,20,97,2.2,.365,.140,.186,3.6,8.7,6.1,5.3,0.6,1.7,7.9,24.4,,-0.3,0.0,-0.3,-0.133,,-7.9,-2.8,-10.7,-0.2
2010-11,26,MIN,NBA,SG,4,29,10.1,.682,.364,.000,0.0,7.9,3.8,6.0,1.7,0.0,26.7,22.0,,0.0,0.0,0.0,-0.015,,-0.9,0.2,-0.7,0.0
Career,,,NBA,,82,505,2.8,.398,.233,.280,1.9,8.8,5.4,6.1,0.6,0.9,12.0,22.1,,-1.3,0.3,-0.9,-0.089,,-6.9,-2.5,-9.4,-0.9
,,,,,,,,,,,,,,,,,,,,,,,,,,,,
2 seasons,,DAL,NBA,,44,291,1.0,.368,.237,.402,0.8,9.3,5.1,5.6,0.7,1.0,13.6,21.2,,-0.8,0.3,-0.6,-0.092,,-8.1,-1.9,-10.0,-0.6
2 seasons,,NJN,NBA,,34,185,4.5,.402,.210,.173,3.8,8.3,6.0,6.8,0.3,0.9,7.4,23.6,,-0.4,0.0,-0.4,-0.096,,-6.0,-3.8,-9.8,-0.4
1 season,,MIN,NBA,,4,29,10.1,.682,.364,.000,0.0,7.9,3.8,6.0,1.7,0.0,26.7,22.0,,0.0,0.0,0.0,-0.015,,-0.9,0.2,-0.7,0.0",Maurice Ager Stats | Basketball-Reference.com,undefined
"--- When using SR data, please cite us and provide a link and/or a mention.


 
Season,Age,Tm,Lg,Pos,G,MP,PER,TS%,3PAr,FTr,ORB%,DRB%,TRB%,AST%,STL%,BLK%,TOV%,USG%,,OWS,DWS,WS,WS/48,,OBPM,DBPM,BPM,VORP
2006-07,22,NYK,NBA,SF,52,777,9.2,.445,.206,.360,4.3,11.5,8.0,17.4,2.2,0.3,17.8,18.8,,-0.6,0.6,0.0,.002,,-3.3,0.1,-3.1,-0.2
2007-08,23,NYK,NBA,SG,46,634,5.9,.378,.183,.217,3.3,10.4,6.7,21.4,2.0,1.0,22.6,17.5,,-1.4,0.3,-1.0,-0.079,,-5.5,-0.9,-6.4,-0.7
2008-09,24,TOT,NBA,PGSG,48,890,9.5,.470,.126,.186,3.9,10.1,6.9,19.8,1.8,0.8,17.8,16.6,,-0.5,0.4,-0.1,-0.003,,-3.4,0.0,-3.5,-0.3
2008-09,24,NYK,NBA,SG,9,75,5.0,.371,.130,.391,2.8,9.1,5.8,19.3,1.3,0.0,15.6,18.5,,-0.2,0.0,-0.1,-0.077,,-5.3,-1.0,-6.4,-0.1
2008-09,24,LAC,NBA,PG,39,815,9.9,.481,.125,.165,4.0,10.2,7.0,19.9,1.9,0.9,18.1,16.4,,-0.3,0.4,0.1,.004,,-3.2,0.0,-3.2,-0.2
2009-10,25,LAC,NBA,SG,43,470,5.7,.404,.133,.164,3.2,9.2,6.2,14.1,2.5,0.2,18.9,16.3,,-0.8,0.3,-0.5,-0.049,,-6.3,0.5,-5.8,-0.4
Career,,,NBA,,189,2771,7.9,.431,.163,.240,3.8,10.4,7.0,18.5,2.1,0.6,19.1,17.4,,-3.2,1.7,-1.6,-0.027,,-4.3,-0.1,-4.4,-1.7
,,,,,,,,,,,,,,,,,,,,,,,,,,,,
3 seasons,,NYK,NBA,,107,1486,7.5,.414,.192,.303,3.8,10.9,7.3,19.2,2.1,0.6,19.6,18.2,,-2.1,0.9,-1.1,-0.037,,-4.3,-0.4,-4.7,-1.0
2 seasons,,LAC,NBA,,82,1285,8.4,.453,.128,.165,3.7,9.8,6.7,17.8,2.1,0.6,18.4,16.4,,-1.1,0.7,-0.4,-0.015,,-4.3,0.2,-4.1,-0.7",Mardy Collins Stats | Basketball-Reference.com,undefined
"--- When using SR data, please cite us and provide a link and/or a mention.


 
Season,Age,Tm,Lg,Pos,G,MP,PER,TS%,3PAr,FTr,ORB%,DRB%,TRB%,AST%,STL%,BLK%,TOV%,USG%,,OWS,DWS,WS,WS/48,,OBPM,DBPM,BPM,VORP
2012-13,25,POR,NBA,PF,51,477,9.3,.435,.000,.190,9.6,19.5,14.5,4.3,1.4,1.7,11.0,16.6,,-0.2,0.4,0.2,.022,,-4.7,-0.7,-5.4,-0.4
2013-14,26,POR,NBA,C,52,727,11.3,.498,.012,.179,13.2,17.6,15.4,7.1,0.7,2.1,15.5,12.4,,0.7,0.7,1.4,.093,,-2.6,0.0,-2.6,-0.1
2014-15,27,POR,NBA,C,48,617,12.2,.522,.000,.166,11.0,21.9,16.6,3.8,0.7,2.7,12.4,13.4,,0.6,0.9,1.6,.122,,-3.0,0.4,-2.6,-0.1
Career,,,NBA,,151,1821,11.1,.486,.004,.178,11.5,19.6,15.6,5.2,0.9,2.2,13.1,13.9,,1.2,2.0,3.2,.084,,-3.3,-0.1,-3.3,-0.6",Joel Freeland Stats | Basketball-Reference.com,undefined
"--- When using SR data, please cite us and provide a link and/or a mention.


 
Season,Age,Tm,Lg,Pos,G,MP,PER,TS%,3PAr,FTr,ORB%,DRB%,TRB%,AST%,STL%,BLK%,TOV%,USG%,,OWS,DWS,WS,WS/48,,OBPM,DBPM,BPM,VORP
2006-07,24,SAS,NBA,SG,6,137,12.1,.525,.171,.366,2.8,14.4,8.8,5.8,1.2,0.5,9.5,18.2,,0.1,0.2,0.3,.108,,-2.7,-1.3,-4.0,-0.1
2008-09,26,HOU,NBA,SF,4,11,14.6,.700,.400,.000,0.0,0.0,0.0,19.2,4.8,6.6,37.5,33.8,,0.0,0.0,0.0,-0.066,,-3.0,5.4,2.4,0.0
2012-13,30,NYK,NBA,SF,57,435,9.1,.503,.353,.164,1.3,12.0,6.5,10.3,1.6,0.8,12.0,15.2,,0.1,0.3,0.5,.051,,-3.3,0.2,-3.1,-0.1
Career,,,NBA,,67,583,9.9,.514,.309,.210,1.6,12.3,6.9,9.5,1.6,0.8,12.4,16.3,,0.2,0.6,0.8,.062,,-3.1,-0.1,-3.2,-0.2
,,,,,,,,,,,,,,,,,,,,,,,,,,,,
1 season,,NYK,NBA,,57,435,9.1,.503,.353,.164,1.3,12.0,6.5,10.3,1.6,0.8,12.0,15.2,,0.1,0.3,0.5,.051,,-3.3,0.2,-3.1,-0.1
1 season,,SAS,NBA,,6,137,12.1,.525,.171,.366,2.8,14.4,8.8,5.8,1.2,0.5,9.5,18.2,,0.1,0.2,0.3,.108,,-2.7,-1.3,-4.0,-0.1
1 season,,HOU,NBA,,4,11,14.6,.700,.400,.000,0.0,0.0,0.0,19.2,4.8,6.6,37.5,33.8,,0.0,0.0,0.0,-0.066,,-3.0,5.4,2.4,0.0",James White Stats | Basketball-Reference.com,undefined
"--- When using SR data, please cite us and provide a link and/or a mention.


 
Season,Age,Tm,Lg,Pos,G,MP,PER,TS%,3PAr,FTr,ORB%,DRB%,TRB%,AST%,STL%,BLK%,TOV%,USG%,,OWS,DWS,WS,WS/48,,OBPM,DBPM,BPM,VORP
2006-07,23,HOU,NBA,SF,35,191,7.7,.501,.780,.040,2.4,13.2,7.8,4.9,1.4,0.0,7.3,13.4,,0.1,0.3,0.4,.091,,-2.5,1.0,-1.5,0.0
2007-08,24,HOU,NBA,SF,35,264,17.3,.651,.696,.039,1.7,13.0,7.5,3.9,0.4,0.8,3.7,18.7,,0.7,0.3,1.1,.196,,4.3,-0.1,4.2,0.4
2008-09,25,LAC,NBA,PF,71,1161,13.5,.606,.722,.058,1.8,10.9,6.2,5.8,0.9,0.3,5.4,16.8,,2.0,0.2,2.2,.092,,1.7,-2.1,-0.4,0.5
2009-10,26,LAC,NBA,SF,54,362,8.3,.505,.657,.083,0.3,10.3,5.3,2.6,1.0,0.4,1.8,14.2,,0.2,0.1,0.3,.043,,-2.4,-1.3,-3.7,-0.2
2010-11,27,TOT,NBA,SF,30,215,17.8,.737,.687,.119,2.2,12.6,7.6,2.2,0.2,1.7,5.4,16.0,,0.7,0.2,0.9,.196,,5.1,-0.4,4.8,0.4
2010-11,27,DAL,NBA,SF,7,18,19.6,.688,.500,.000,0.0,31.3,16.2,0.0,0.0,0.0,0.0,20.8,,0.1,0.0,0.1,.205,,5.1,0.7,5.8,0.0
2010-11,27,SAS,NBA,SF,23,197,17.7,.744,.712,.136,2.4,10.9,6.8,2.4,0.3,1.8,6.0,15.5,,0.6,0.2,0.8,.195,,5.1,-0.5,4.7,0.3
2011-12,28,NYK,NBA,PF,54,1020,15.9,.684,.837,.077,1.0,10.9,5.9,2.0,0.8,0.7,5.7,16.2,,2.9,0.9,3.9,.181,,4.6,-0.5,4.1,1.6
2012-13,29,NYK,NBA,SF,81,1641,11.3,.602,.816,.077,1.2,10.0,5.4,3.3,0.9,0.4,2.6,13.0,,3.2,0.8,4.0,.116,,1.0,-1.0,0.1,0.9
2013-14,30,TOR,NBA,PF,54,540,11.1,.599,.836,.041,1.7,10.8,6.3,3.8,1.2,0.6,3.3,12.9,,1.0,0.5,1.4,.127,,1.5,-0.1,1.5,0.5
2014-15,31,TOT,NBA,PFSF,35,197,8.6,.554,.857,.036,1.1,11.4,6.3,8.6,0.0,0.8,8.1,14.1,,0.2,0.1,0.3,.075,,-0.1,-1.8,-1.9,0.0
2014-15,31,UTA,NBA,SF,22,109,14.5,.669,.943,.057,1.1,15.8,8.5,9.3,0.0,0.7,7.7,16.4,,0.3,0.1,0.4,.162,,3.6,-1.2,2.4,0.1
2014-15,31,OKC,NBA,PF,13,88,1.3,.357,.714,.000,1.2,6.0,3.7,7.7,0.0,0.9,8.7,11.3,,-0.1,0.0,-0.1,-0.032,,-4.7,-2.5,-7.2,-0.1
2015-16,32,TOT,NBA,PF,10,44,14.4,.651,.833,.056,0.0,12.0,6.2,0.0,0.0,0.0,5.1,19.2,,0.1,0.0,0.1,.121,,3.5,-2.4,1.2,0.0
2015-16,32,OKC,NBA,PF,7,24,20.8,.708,.750,.000,0.0,17.2,9.1,0.0,0.0,0.0,7.7,23.1,,0.1,0.0,0.1,.181,,6.6,-1.4,5.2,0.0
2015-16,32,MIL,NBA,PF,3,20,6.7,.543,1.000,.167,0.0,5.7,2.9,0.0,0.0,0.0,0.0,14.5,,0.0,0.0,0.0,.050,,-0.2,-3.5,-3.6,0.0
2016-17,33,MIL,NBA,PF,8,22,1.3,.357,.857,.000,0.0,15.7,7.9,0.0,0.0,0.0,0.0,14.5,,0.0,0.0,0.0,-0.075,,-6.3,-4.9,-11.2,-0.1
Career,,,NBA,,467,5657,12.7,.616,.779,.066,1.4,10.9,6.0,3.8,0.8,0.5,4.4,14.9,,11.1,3.4,14.5,.123,,1.8,-1.0,0.8,4.0
,,,,,,,,,,,,,,,,,,,,,,,,,,,,
2 seasons,,NYK,NBA,,135,2661,13.1,.638,.825,.077,1.1,10.3,5.6,2.8,0.9,0.5,4.0,14.2,,6.1,1.7,7.8,.141,,2.4,-0.8,1.6,2.5
2 seasons,,LAC,NBA,,125,1523,12.2,.584,.708,.063,1.5,10.7,6.0,5.0,0.9,0.3,4.6,16.2,,2.2,0.3,2.6,.081,,0.7,-1.9,-1.2,0.3
2 seasons,,HOU,NBA,,70,455,13.3,.601,.724,.039,2.0,13.1,7.6,4.4,0.8,0.5,4.9,16.4,,0.8,0.6,1.4,.152,,1.4,0.4,1.8,0.4
1 season,,TOR,NBA,,54,540,11.1,.599,.836,.041,1.7,10.8,6.3,3.8,1.2,0.6,3.3,12.9,,1.0,0.5,1.4,.127,,1.5,-0.1,1.5,0.5
1 season,,SAS,NBA,,23,197,17.7,.744,.712,.136,2.4,10.9,6.8,2.4,0.3,1.8,6.0,15.5,,0.6,0.2,0.8,.195,,5.1,-0.5,4.7,0.3
1 season,,UTA,NBA,,22,109,14.5,.669,.943,.057,1.1,15.8,8.5,9.3,0.0,0.7,7.7,16.4,,0.3,0.1,0.4,.162,,3.6,-1.2,2.4,0.1
2 seasons,,OKC,NBA,,20,112,5.5,.485,.727,.000,1.0,8.4,4.8,6.1,0.0,0.7,8.3,13.8,,0.0,0.0,0.0,.014,,-2.2,-2.3,-4.6,-0.1
2 seasons,,MIL,NBA,,11,42,3.9,.446,.923,.077,0.0,10.9,5.5,0.0,0.0,0.0,0.0,14.5,,0.0,0.0,0.0,-0.015,,-3.4,-4.2,-7.6,-0.1
1 season,,DAL,NBA,,7,18,19.6,.688,.500,.000,0.0,31.3,16.2,0.0,0.0,0.0,0.0,20.8,,0.1,0.0,0.1,.205,,5.1,0.7,5.8,0.0",Steve Novak Stats | Basketball-Reference.com,undefined
"--- When using SR data, please cite us and provide a link and/or a mention.


 
Season,Age,Tm,Lg,Pos,G,MP,PER,TS%,3PAr,FTr,ORB%,DRB%,TRB%,AST%,STL%,BLK%,TOV%,USG%,,OWS,DWS,WS,WS/48,,OBPM,DBPM,BPM,VORP
2006-07,22,ATL,NBA,PF,58,666,12.3,.587,.008,.586,8.7,15.9,12.3,2.7,0.9,4.9,13.4,12.8,,1.0,0.7,1.6,.117,,-3.4,0.2,-3.1,-0.2
2007-08,23,ATL,NBA,PF,35,145,6.8,.451,.067,.667,15.3,18.4,16.9,0.0,1.1,2.6,22.1,15.6,,-0.1,0.1,0.0,.000,,-6.7,-2.0,-8.8,-0.2
2008-09,24,ATL,NBA,C,63,675,12.0,.655,.018,.667,9.1,15.6,12.3,3.4,0.6,3.9,15.8,11.8,,1.2,0.7,1.9,.138,,-3.2,0.5,-2.7,-0.1
2009-10,25,IND,NBA,C,52,675,9.9,.499,.017,.403,8.2,15.1,11.6,7.3,1.0,3.9,16.2,16.1,,0.0,0.8,0.8,.058,,-5.0,0.8,-4.2,-0.4
2010-11,26,IND,NBA,C,39,528,8.5,.469,.008,.512,9.5,14.2,11.9,8.5,1.2,3.0,19.1,15.4,,-0.2,0.6,0.5,.042,,-5.3,0.8,-4.5,-0.3
2011-12,27,TOT,NBA,CPF,21,292,9.1,.471,.000,.377,13.1,10.5,11.8,4.9,1.7,3.1,20.2,14.4,,0.0,0.3,0.3,.042,,-4.0,-0.1,-4.2,-0.2
2011-12,27,LAC,NBA,PF,10,96,5.3,.294,.000,.625,13.5,7.5,10.5,2.8,2.2,4.3,32.9,7.3,,-0.1,0.1,0.0,.008,,-4.5,-0.1,-4.6,-0.1
2011-12,27,NOH,NBA,C,11,196,11.0,.501,.000,.340,13.0,12.0,12.5,5.9,1.4,2.5,17.6,17.8,,0.1,0.2,0.2,.059,,-3.8,-0.2,-4.0,-0.1
2012-13,28,NYK,NBA,PF,2,26,-5.7,.000,.000,.000,4.4,9.3,6.8,0.0,0.0,3.3,75.0,7.2,,-0.1,0.0,-0.1,-0.172,,-9.7,-1.2,-10.9,-0.1
2013-14,29,ORL,NBA,PF,11,85,5.8,.373,.000,.235,10.6,10.7,10.7,3.4,1.2,1.8,9.6,11.1,,0.0,0.1,0.0,.013,,-5.1,-1.5,-6.6,-0.1
Career,,,NBA,,281,3092,10.2,.531,.014,.510,9.6,14.8,12.2,4.9,1.0,3.8,16.9,13.9,,1.7,3.4,5.0,.078,,-4.3,0.3,-4.0,-1.6
,,,,,,,,,,,,,,,,,,,,,,,,,,,,
3 seasons,,ATL,NBA,,156,1486,11.7,.600,.019,.628,9.5,16.0,12.8,2.8,0.8,4.2,15.5,12.6,,2.0,1.5,3.6,.115,,-3.6,0.1,-3.5,-0.6
2 seasons,,IND,NBA,,91,1203,9.3,.487,.013,.448,8.8,14.7,11.7,7.8,1.1,3.6,17.4,15.8,,-0.2,1.5,1.3,.051,,-5.2,0.8,-4.3,-0.7
1 season,,NOH,NBA,,11,196,11.0,.501,.000,.340,13.0,12.0,12.5,5.9,1.4,2.5,17.6,17.8,,0.1,0.2,0.2,.059,,-3.8,-0.2,-4.0,-0.1
1 season,,ORL,NBA,,11,85,5.8,.373,.000,.235,10.6,10.7,10.7,3.4,1.2,1.8,9.6,11.1,,0.0,0.1,0.0,.013,,-5.1,-1.5,-6.6,-0.1
1 season,,LAC,NBA,,10,96,5.3,.294,.000,.625,13.5,7.5,10.5,2.8,2.2,4.3,32.9,7.3,,-0.1,0.1,0.0,.008,,-4.5,-0.1,-4.6,-0.1
1 season,,NYK,NBA,,2,26,-5.7,.000,.000,.000,4.4,9.3,6.8,0.0,0.0,3.3,75.0,7.2,,-0.1,0.0,-0.1,-0.172,,-9.7,-1.2,-10.9,-0.1",Solomon Jones Stats | Basketball-Reference.com,undefined
"--- When using SR data, please cite us and provide a link and/or a mention.


 
Season,Age,Tm,Lg,Pos,G,MP,PER,TS%,3PAr,FTr,ORB%,DRB%,TRB%,AST%,STL%,BLK%,TOV%,USG%,,OWS,DWS,WS,WS/48,,OBPM,DBPM,BPM,VORP
2006-07,22,LAC,NBA,C,31,180,11.2,.452,.000,.192,14.1,15.2,14.6,6.4,1.8,2.2,12.4,16.5,,0.0,0.2,0.2,.066,,-3.2,-0.4,-3.5,-0.1
2007-08,23,LAC,NBA,PF,22,194,9.0,.389,.000,.154,14.8,13.2,14.0,8.8,1.6,2.3,11.5,18.6,,-0.2,0.2,0.0,-0.007,,-5.0,-0.5,-5.5,-0.2
2008-09,24,LAC,NBA,PF,27,320,10.7,.474,.010,.347,9.8,14.5,12.1,6.1,1.6,0.7,10.3,17.9,,0.1,0.2,0.2,.037,,-3.7,-0.7,-4.4,-0.2
2009-10,25,WAS,NBA,PF,2,8,33.3,.512,.000,.500,0.0,0.0,0.0,73.8,0.0,9.5,0.0,27.6,,0.0,0.0,0.0,.295,,11.9,6.3,18.2,0.0
Career,,,NBA,,82,702,10.6,.445,.005,.256,12.2,14.1,13.1,7.7,1.6,1.6,11.0,17.9,,-0.1,0.6,0.5,.035,,-3.7,-0.5,-4.2,-0.4
,,,,,,,,,,,,,,,,,,,,,,,,,,,,
3 seasons,,LAC,NBA,,80,694,10.4,.444,.005,.251,12.3,14.3,13.3,6.9,1.7,1.5,11.2,17.8,,-0.1,0.6,0.5,.032,,-3.9,-0.6,-4.5,-0.4
1 season,,WAS,NBA,,2,8,33.3,.512,.000,.500,0.0,0.0,0.0,73.8,0.0,9.5,0.0,27.6,,0.0,0.0,0.0,.295,,11.9,6.3,18.2,0.0",Paul Davis Stats | Basketball-Reference.com,undefined
"--- When using SR data, please cite us and provide a link and/or a mention.


 
Season,Age,Tm,Lg,Pos,G,MP,PER,TS%,3PAr,FTr,ORB%,DRB%,TRB%,AST%,STL%,BLK%,TOV%,USG%,,OWS,DWS,WS,WS/48,,OBPM,DBPM,BPM,VORP
2006-07,21,TOR,NBA,SF,17,83,12.8,.533,.000,.636,15.4,17.2,16.3,5.7,1.2,0.0,17.6,19.1,,0.1,0.1,0.1,.085,,-2.0,-1.0,-3.0,0.0
2012-13,27,PHO,NBA,SG,79,1910,11.6,.525,.158,.194,7.7,13.3,10.4,8.6,1.7,0.7,12.2,12.8,,1.8,1.2,2.9,.074,,-1.3,-0.1,-1.5,0.2
2013-14,28,PHO,NBA,SF,81,2490,13.3,.540,.311,.327,7.3,16.6,11.9,8.1,2.2,0.7,12.7,14.2,,3.3,2.8,6.1,.117,,0.1,0.9,1.0,1.9
2014-15,29,PHO,NBA,SF,78,2383,12.5,.541,.423,.240,5.2,18.0,11.5,7.4,2.2,0.7,12.7,13.9,,2.2,2.7,4.9,.098,,-0.7,1.0,0.4,1.4
2015-16,30,PHO,NBA,SF,82,2540,10.8,.506,.354,.244,6.9,15.2,10.9,10.2,2.0,0.6,14.7,12.7,,1.5,1.9,3.5,.066,,-1.5,0.4,-1.2,0.5
2016-17,31,TOT,NBA,SF,81,2236,10.5,.516,.407,.193,5.6,17.7,11.6,6.0,2.5,0.7,11.2,11.2,,1.4,2.2,3.6,.078,,-1.5,1.2,-0.3,1.0
2016-17,31,PHO,NBA,SF,57,1627,10.6,.517,.384,.218,6.1,17.0,11.4,6.1,2.5,0.7,11.8,11.3,,1.0,1.3,2.4,.069,,-1.5,0.9,-0.6,0.6
2016-17,31,TOR,NBA,SF,24,609,10.4,.515,.469,.125,4.3,19.6,12.0,5.9,2.6,0.7,9.4,10.9,,0.4,0.9,1.3,.099,,-1.4,1.9,0.5,0.4
2017-18,32,HOU,NBA,PF,82,2281,8.3,.537,.703,.136,4.6,17.8,11.3,4.6,1.7,1.0,13.7,10.5,,1.0,3.0,3.9,.082,,-1.9,0.8,-1.1,0.5
2018-19,33,HOU,NBA,PF,82,2802,9.2,.547,.740,.113,4.7,14.4,9.5,4.6,2.3,1.2,10.3,9.5,,2.0,3.0,5.0,.086,,-1.6,1.0,-0.6,1.0
2019-20,34,HOU,NBA,PF,72,2467,8.3,.559,.702,.113,4.7,15.6,10.1,6.0,1.4,1.2,13.9,8.7,,1.6,2.4,4.0,.078,,-2.4,0.6,-1.9,0.1
Career,,,NBA,,654,19192,10.5,.533,.463,.205,5.8,16.1,10.9,6.9,2.0,0.9,12.7,11.7,,14.8,19.2,34.1,.085,,-1.4,0.7,-0.6,6.6
,,,,,,,,,,,,,,,,,,,,,,,,,,,,
5 seasons,,PHO,NBA,,377,10950,11.8,.527,.330,.250,6.6,16.0,11.3,8.3,2.1,0.7,13.0,13.1,,9.8,9.9,19.7,.086,,-0.9,0.6,-0.3,4.6
3 seasons,,HOU,NBA,,236,7550,8.7,.548,.717,.120,4.7,15.8,10.2,5.1,1.8,1.1,12.5,9.5,,4.6,8.4,12.9,.082,,-2.0,0.8,-1.2,1.6
2 seasons,,TOR,NBA,,41,692,10.7,.518,.400,.200,5.6,19.3,12.5,5.9,2.4,0.6,10.9,11.9,,0.5,0.9,1.4,.097,,-1.5,1.6,0.1,0.4",P.J. Tucker Stats | Basketball-Reference.com,undefined
"--- When using SR data, please cite us and provide a link and/or a mention.


 
Season,Age,Tm,Lg,Pos,G,MP,PER,TS%,3PAr,FTr,ORB%,DRB%,TRB%,AST%,STL%,BLK%,TOV%,USG%,,OWS,DWS,WS,WS/48,,OBPM,DBPM,BPM,VORP
2006-07,23,MIN,NBA,PF,82,1537,15.7,.558,.013,.402,11.9,20.3,16.2,5.4,1.8,0.9,12.0,18.7,,2.1,1.7,3.9,.121,,-1.3,-0.5,-1.8,0.1
2007-08,24,MIN,NBA,PF,77,1547,16.7,.590,.017,.379,8.9,17.8,13.2,6.6,1.2,0.9,12.6,20.6,,2.7,0.9,3.5,.109,,-0.3,-1.0,-1.3,0.3
2008-09,25,MIN,NBA,PF,74,1460,16.9,.599,.002,.482,7.6,15.5,11.4,9.7,1.1,1.0,14.4,22.5,,2.3,0.8,3.1,.104,,0.0,-0.6,-0.6,0.5
2009-10,26,LAC,NBA,PF,75,1232,16.9,.599,.013,.524,9.1,18.0,13.5,11.8,1.4,1.5,15.3,21.2,,2.0,1.0,3.0,.117,,-0.9,0.1,-0.8,0.4
2010-11,27,LAC,NBA,PF,48,586,15.4,.592,.027,.362,8.7,14.7,11.7,9.1,1.4,0.9,13.2,19.1,,1.0,0.4,1.5,.120,,-0.8,-0.3,-1.1,0.1
2011-12,28,POR,NBA,PF,47,464,13.6,.556,.009,.453,8.1,19.8,13.8,6.6,1.8,0.8,14.6,16.2,,0.6,0.4,1.0,.105,,-1.8,0.3,-1.5,0.1
Career,,,NBA,,403,6826,16.2,.585,.012,.436,9.3,17.8,13.5,8.2,1.4,1.0,13.6,20.2,,10.7,5.3,16.0,.113,,-0.7,-0.5,-1.2,1.4
,,,,,,,,,,,,,,,,,,,,,,,,,,,,
3 seasons,,MIN,NBA,,233,4544,16.4,.583,.011,.421,9.5,17.9,13.6,7.2,1.4,0.9,13.1,20.5,,7.1,3.4,10.5,.111,,-0.6,-0.7,-1.3,0.9
2 seasons,,LAC,NBA,,123,1818,16.4,.597,.017,.472,8.9,16.9,12.9,10.9,1.4,1.3,14.6,20.5,,3.0,1.5,4.5,.118,,-0.9,0.0,-0.9,0.5
1 season,,POR,NBA,,47,464,13.6,.556,.009,.453,8.1,19.8,13.8,6.6,1.8,0.8,14.6,16.2,,0.6,0.4,1.0,.105,,-1.8,0.3,-1.5,0.1",Craig Smith Stats | Basketball-Reference.com,undefined
"--- When using SR data, please cite us and provide a link and/or a mention.


 
Season,Age,Tm,Lg,Pos,G,MP,PER,TS%,3PAr,FTr,ORB%,DRB%,TRB%,AST%,STL%,BLK%,TOV%,USG%,,OWS,DWS,WS,WS/48,,OBPM,DBPM,BPM,VORP
2006-07,23,PHI,NBA,SF,44,336,9.4,.495,.097,.441,7.9,12.5,10.2,7.8,1.7,0.2,13.9,17.7,,0.0,0.3,0.3,.045,,-4.2,-0.7,-4.9,-0.2
2007-08,24,TOT,NBA,SF,47,531,9.9,.548,.379,.364,6.2,13.3,9.8,7.9,1.4,0.4,14.7,15.9,,0.4,0.4,0.8,.070,,-3.3,-0.4,-3.7,-0.2
2007-08,24,DEN,NBA,SF,25,222,8.5,.550,.359,.438,5.5,12.9,9.3,6.9,1.1,0.3,15.5,17.3,,0.1,0.2,0.3,.071,,-4.1,-0.7,-4.7,-0.2
2007-08,24,MEM,NBA,SF,9,137,12.1,.495,.361,.278,8.1,14.0,11.0,12.0,1.8,1.1,11.0,14.7,,0.1,0.1,0.2,.079,,-2.0,0.0,-2.0,0.0
2007-08,24,HOU,NBA,SF,4,9,5.9,.500,.000,.000,0.0,12.3,6.3,0.0,5.9,0.0,20.0,25.4,,0.0,0.0,0.0,-0.018,,-13.2,2.3,-10.9,0.0
2007-08,24,MIA,NBA,SF,6,143,11.2,.636,.469,.406,6.6,13.6,10.1,5.9,0.7,0.0,15.7,14.8,,0.2,0.1,0.2,.080,,-2.3,-1.2,-3.4,-0.1
2007-08,24,SAS,NBA,SF,3,20,3.4,.250,.500,.000,0.0,11.6,5.9,7.2,5.4,0.0,20.0,12.0,,-0.1,0.0,0.0,-0.042,,-6.8,4.8,-2.0,0.0
Career,,,NBA,,91,867,9.7,.527,.266,.395,6.8,13.0,9.9,7.8,1.5,0.3,14.4,16.6,,0.4,0.7,1.1,.060,,-3.7,-0.5,-4.1,-0.5
,,,,,,,,,,,,,,,,,,,,,,,,,,,,
1 season,,PHI,NBA,,44,336,9.4,.495,.097,.441,7.9,12.5,10.2,7.8,1.7,0.2,13.9,17.7,,0.0,0.3,0.3,.045,,-4.2,-0.7,-4.9,-0.2
1 season,,DEN,NBA,,25,222,8.5,.550,.359,.438,5.5,12.9,9.3,6.9,1.1,0.3,15.5,17.3,,0.1,0.2,0.3,.071,,-4.1,-0.7,-4.7,-0.2
1 season,,MEM,NBA,,9,137,12.1,.495,.361,.278,8.1,14.0,11.0,12.0,1.8,1.1,11.0,14.7,,0.1,0.1,0.2,.079,,-2.0,0.0,-2.0,0.0
1 season,,MIA,NBA,,6,143,11.2,.636,.469,.406,6.6,13.6,10.1,5.9,0.7,0.0,15.7,14.8,,0.2,0.1,0.2,.080,,-2.3,-1.2,-3.4,-0.1
1 season,,HOU,NBA,,4,9,5.9,.500,.000,.000,0.0,12.3,6.3,0.0,5.9,0.0,20.0,25.4,,0.0,0.0,0.0,-0.018,,-13.2,2.3,-10.9,0.0
1 season,,SAS,NBA,,3,20,3.4,.250,.500,.000,0.0,11.6,5.9,7.2,5.4,0.0,20.0,12.0,,-0.1,0.0,0.0,-0.042,,-6.8,4.8,-2.0,0.0",Bobby Jones Stats | Basketball-Reference.com,undefined
"--- When using SR data, please cite us and provide a link and/or a mention.


 
Season,Age,Tm,Lg,Pos,G,MP,PER,TS%,3PAr,FTr,ORB%,DRB%,TRB%,AST%,STL%,BLK%,TOV%,USG%,,OWS,DWS,WS,WS/48,,OBPM,DBPM,BPM,VORP
2007-08,22,GSW,NBA,C,7,38,10.3,.396,.000,.600,16.2,20.5,18.3,3.4,0.0,3.8,7.3,15.1,,0.0,0.0,0.0,.060,,-3.1,-2.8,-5.9,0.0
Career,,,NBA,,7,38,10.3,.396,.000,.600,16.2,20.5,18.3,3.4,0.0,3.8,7.3,15.1,,0.0,0.0,0.0,.060,,-3.1,-2.8,-5.9,0.0",Kosta Perović Stats | Basketball-Reference.com,undefined
"--- When using SR data, please cite us and provide a link and/or a mention.


 
Season,Age,Tm,Lg,Pos,G,MP,PER,TS%,3PAr,FTr,ORB%,DRB%,TRB%,AST%,STL%,BLK%,TOV%,USG%,,OWS,DWS,WS,WS/48,,OBPM,DBPM,BPM,VORP
2006-07,22,MIL,NBA,PF,68,792,9.0,.470,.299,.243,6.2,12.2,9.1,11.7,1.6,0.9,17.0,13.4,,0.1,0.3,0.4,.024,,-2.2,-0.9,-3.1,-0.2
Career,,,NBA,,68,792,9.0,.470,.299,.243,6.2,12.2,9.1,11.7,1.6,0.9,17.0,13.4,,0.1,0.3,0.4,.024,,-2.2,-0.9,-3.1,-0.2",David Noel Stats | Basketball-Reference.com,undefined
"--- When using SR data, please cite us and provide a link and/or a mention.


 
Season,Age,Tm,Lg,Pos,G,MP,PER,TS%,3PAr,FTr,ORB%,DRB%,TRB%,AST%,STL%,BLK%,TOV%,USG%,,OWS,DWS,WS,WS/48,,OBPM,DBPM,BPM,VORP
2006-07,22,ORL,NBA,PF,2,7,16.6,.333,.000,.000,18.0,34.4,26.4,48.9,0.0,0.0,0.0,19.9,,0.0,0.0,0.0,.168,,-2.3,1.3,-1.0,0.0
2007-08,23,ORL,NBA,PF,25,149,10.8,.533,.000,.235,12.9,10.4,11.6,2.1,1.7,1.0,13.8,13.4,,0.1,0.2,0.3,.098,,-2.5,-0.3,-2.8,0.0
Career,,,NBA,,27,156,11.1,.518,.000,.216,13.2,11.5,12.3,4.2,1.6,0.9,12.9,13.7,,0.1,0.2,0.3,.101,,-2.5,-0.2,-2.7,0.0",James Augustine Stats | Basketball-Reference.com,undefined
"--- When using SR data, please cite us and provide a link and/or a mention.


 
Season,Age,Tm,Lg,Pos,G,MP,PER,TS%,3PAr,FTr,ORB%,DRB%,TRB%,AST%,STL%,BLK%,TOV%,USG%,,OWS,DWS,WS,WS/48,,OBPM,DBPM,BPM,VORP
2006-07,20,CLE,NBA,PG,60,988,9.4,.556,.537,.169,3.2,7.7,5.4,10.7,1.2,0.6,15.1,13.4,,0.8,1.2,2.0,.098,,-1.6,0.9,-0.7,0.3
2007-08,21,CLE,NBA,PG,58,1765,11.7,.592,.576,.226,1.9,6.9,4.3,13.1,1.4,0.6,12.9,15.1,,2.7,1.4,4.1,.111,,-0.4,0.0,-0.4,0.7
2008-09,22,CLE,NBA,PG,75,1795,10.1,.519,.537,.163,2.1,7.9,5.1,11.3,1.3,0.7,9.7,16.5,,1.5,2.3,3.8,.101,,-1.4,0.3,-1.0,0.4
2009-10,23,CLE,NBA,PG,56,1068,11.3,.613,.556,.183,1.5,6.4,4.1,9.8,1.2,0.5,11.1,14.2,,1.6,1.0,2.6,.117,,0.0,0.0,0.0,0.5
2010-11,24,CLE,NBA,SG,67,1865,13.2,.533,.444,.247,1.4,9.7,5.5,18.3,1.3,0.9,9.9,19.7,,2.0,0.4,2.4,.062,,0.3,-0.7,-0.4,0.8
2011-12,25,CLE,NBA,SG,35,916,9.2,.493,.560,.173,1.3,11.6,6.3,13.5,1.5,1.3,14.4,15.3,,0.2,0.3,0.5,.028,,-1.9,-0.4,-2.2,-0.1
2012-13,26,CLE,NBA,PG,46,919,7.7,.475,.660,.150,0.6,7.3,3.8,13.4,1.7,0.4,10.5,14.3,,0.3,0.2,0.5,.026,,-2.8,-0.6,-3.4,-0.3
Career,,,NBA,,397,9316,10.8,.542,.536,.197,1.8,8.2,4.9,13.3,1.4,0.7,11.5,15.9,,9.0,6.9,16.0,.082,,-0.9,-0.1,-1.0,2.4",Daniel Gibson Stats | Basketball-Reference.com,undefined
"--- When using SR data, please cite us and provide a link and/or a mention.


 
Season,Age,Tm,Lg,Pos,G,MP,PER,TS%,3PAr,FTr,ORB%,DRB%,TRB%,AST%,STL%,BLK%,TOV%,USG%,,OWS,DWS,WS,WS/48,,OBPM,DBPM,BPM,VORP
2006-07,22,NOK,NBA,SF,13,103,6.9,.608,.467,.467,2.2,10.3,6.2,7.1,1.0,0.8,24.9,10.7,,0.0,0.1,0.1,.045,,-3.4,0.1,-3.3,0.0
2007-08,23,NOH,NBA,SF,13,69,11.6,.564,.600,.550,1.7,12.1,6.8,4.3,0.8,1.1,10.8,18.8,,0.0,0.1,0.1,.073,,-1.2,-1.2,-2.5,0.0
Career,,,NBA,,26,172,8.8,.582,.543,.514,2.0,11.1,6.4,6.0,0.9,0.9,17.3,13.9,,0.1,0.1,0.2,.056,,-2.6,-0.4,-3.0,0.0",Marcus Vinicius Stats | Basketball-Reference.com,undefined
"--- When using SR data, please cite us and provide a link and/or a mention.


 
Season,Age,Tm,Lg,Pos,G,MP,PER,TS%,3PAr,FTr,ORB%,DRB%,TRB%,AST%,STL%,BLK%,TOV%,USG%,,OWS,DWS,WS,WS/48,,OBPM,DBPM,BPM,VORP
2006-07,22,NOK,NBA,SF,13,103,6.9,.608,.467,.467,2.2,10.3,6.2,7.1,1.0,0.8,24.9,10.7,,0.0,0.1,0.1,.045,,-3.4,0.1,-3.3,0.0
2007-08,23,NOH,NBA,SF,13,69,11.6,.564,.600,.550,1.7,12.1,6.8,4.3,0.8,1.1,10.8,18.8,,0.0,0.1,0.1,.073,,-1.2,-1.2,-2.5,0.0
Career,,,NBA,,26,172,8.8,.582,.543,.514,2.0,11.1,6.4,6.0,0.9,0.9,17.3,13.9,,0.1,0.1,0.2,.056,,-2.6,-0.4,-3.0,0.0",,
"--- When using SR data, please cite us and provide a link and/or a mention.


 
Season,Age,Tm,Lg,Pos,G,MP,PER,TS%,3PAr,FTr,ORB%,DRB%,TRB%,AST%,STL%,BLK%,TOV%,USG%,,OWS,DWS,WS,WS/48,,OBPM,DBPM,BPM,VORP
2006-07,23,MEM,NBA,PF,59,753,13.2,.588,.000,.698,7.9,20.8,14.4,3.6,1.7,3.5,17.5,16.1,,0.7,0.6,1.3,.083,,-3.2,-0.3,-3.5,-0.3
2007-08,24,MIA,NBA,PF,43,549,8.9,.554,.000,.664,6.9,13.7,10.3,4.0,1.3,1.5,20.6,17.6,,-0.1,0.4,0.2,.019,,-5.2,-1.0,-6.2,-0.6
Career,,,NBA,,102,1302,11.4,.574,.000,.684,7.5,17.8,12.6,3.7,1.5,2.6,18.9,16.7,,0.6,1.0,1.5,.056,,-4.0,-0.6,-4.6,-0.9
,,,,,,,,,,,,,,,,,,,,,,,,,,,,
1 season,,MEM,NBA,,59,753,13.2,.588,.000,.698,7.9,20.8,14.4,3.6,1.7,3.5,17.5,16.1,,0.7,0.6,1.3,.083,,-3.2,-0.3,-3.5,-0.3
1 season,,MIA,NBA,,43,549,8.9,.554,.000,.664,6.9,13.7,10.3,4.0,1.3,1.5,20.6,17.6,,-0.1,0.4,0.2,.019,,-5.2,-1.0,-6.2,-0.6",Alexander Johnson Stats | Basketball-Reference.com,undefined
"--- When using SR data, please cite us and provide a link and/or a mention.


 
Season,Age,Tm,Lg,Pos,G,MP,PER,TS%,3PAr,FTr,ORB%,DRB%,TRB%,AST%,STL%,BLK%,TOV%,USG%,,OWS,DWS,WS,WS/48,,OBPM,DBPM,BPM,VORP
2006-07,22,UTA,NBA,PG,49,450,8.6,.411,.286,.378,2.2,8.6,5.4,26.2,2.6,1.3,21.3,14.5,,-0.2,0.5,0.2,.024,,-3.0,1.1,-1.8,0.0
2008-09,24,TOT,NBA,PG,19,261,6.6,.449,.490,.102,3.1,10.1,6.5,19.8,2.0,0.0,24.9,11.8,,-0.2,0.1,-0.1,-0.018,,-4.8,-0.3,-5.1,-0.2
2008-09,24,WAS,NBA,PG,17,233,7.8,.452,.455,.068,3.4,10.9,7.1,20.6,2.3,0.0,23.6,11.6,,-0.1,0.1,0.0,-0.006,,-4.3,0.0,-4.3,-0.1
2008-09,24,PHO,NBA,PG,2,28,-2.9,.425,.800,.400,0.0,4.0,2.1,13.1,0.0,0.0,33.8,14.0,,-0.1,0.0,-0.1,-0.116,,-8.7,-3.1,-11.8,-0.1
Career,,,NBA,,68,711,7.9,.423,.354,.286,2.5,9.2,5.8,23.9,2.4,0.8,22.5,13.5,,-0.4,0.5,0.1,.008,,-3.6,0.6,-3.0,-0.2
,,,,,,,,,,,,,,,,,,,,,,,,,,,,
1 season,,UTA,NBA,,49,450,8.6,.411,.286,.378,2.2,8.6,5.4,26.2,2.6,1.3,21.3,14.5,,-0.2,0.5,0.2,.024,,-3.0,1.1,-1.8,0.0
1 season,,WAS,NBA,,17,233,7.8,.452,.455,.068,3.4,10.9,7.1,20.6,2.3,0.0,23.6,11.6,,-0.1,0.1,0.0,-0.006,,-4.3,0.0,-4.3,-0.1
1 season,,PHO,NBA,,2,28,-2.9,.425,.800,.400,0.0,4.0,2.1,13.1,0.0,0.0,33.8,14.0,,-0.1,0.0,-0.1,-0.116,,-8.7,-3.1,-11.8,-0.1",Dee Brown Stats | Basketball-Reference.com,undefined
"--- When using SR data, please cite us and provide a link and/or a mention.


 
Season,Age,Tm,Lg,Pos,G,MP,PER,TS%,3PAr,FTr,ORB%,DRB%,TRB%,AST%,STL%,BLK%,TOV%,USG%,,OWS,DWS,WS,WS/48,,OBPM,DBPM,BPM,VORP
2006-07,21,UTA,NBA,PF,82,1472,17.6,.571,.008,.523,15.1,19.8,17.5,6.7,2.4,4.2,16.1,17.8,,2.4,2.3,4.7,.153,,-0.4,1.0,0.6,0.9
2007-08,22,UTA,NBA,PF,82,1702,16.1,.548,.008,.456,12.1,20.8,16.5,7.0,2.2,3.5,12.6,18.1,,2.5,2.7,5.2,.148,,-0.9,0.8,-0.2,0.8
2008-09,23,UTA,NBA,PF,76,2290,18.6,.576,.005,.435,13.1,21.0,17.0,9.8,1.8,2.5,12.6,20.0,,4.5,3.3,7.7,.162,,0.7,0.3,1.1,1.8
2009-10,24,UTA,NBA,PF,82,2277,16.7,.573,.013,.369,9.9,18.9,14.5,8.9,1.4,3.5,12.2,18.7,,3.7,3.5,7.2,.151,,-0.4,0.8,0.4,1.4
2010-11,25,UTA,NBA,PF,76,2605,19.8,.578,.023,.342,7.5,19.4,13.4,12.6,2.1,2.2,11.3,22.6,,5.2,2.5,7.7,.143,,1.6,0.3,1.9,2.5
2011-12,26,UTA,NBA,PF,64,2100,21.8,.545,.036,.296,9.7,21.2,15.4,12.4,2.9,2.0,10.3,23.2,,4.9,2.9,7.8,.179,,2.6,1.3,3.9,3.1
2012-13,27,UTA,NBA,PF,78,2375,19.8,.550,.045,.407,8.6,18.8,13.7,14.5,2.3,2.7,11.8,22.4,,4.8,2.9,7.6,.154,,1.7,1.0,2.7,2.8
2013-14,28,ATL,NBA,PF,74,2482,19.8,.545,.202,.373,7.2,21.9,14.6,16.2,2.6,2.5,13.2,25.7,,2.7,4.0,6.7,.129,,1.4,1.3,2.8,3.0
2014-15,29,ATL,NBA,PF,73,2390,20.0,.565,.232,.362,6.9,20.0,13.6,15.4,2.8,2.4,13.3,23.8,,4.0,4.3,8.3,.166,,1.7,1.7,3.4,3.3
2015-16,30,ATL,NBA,PF,81,2647,21.3,.556,.218,.383,8.4,21.5,15.1,16.4,2.7,4.1,13.3,24.3,,4.1,6.0,10.1,.183,,1.5,2.7,4.2,4.1
2016-17,31,ATL,NBA,PF,69,2343,17.8,.542,.248,.417,5.3,19.5,12.5,17.9,1.9,2.3,12.1,24.4,,2.6,3.8,6.4,.132,,0.8,1.3,2.1,2.4
2017-18,32,DEN,NBA,PF,38,1143,17.0,.549,.260,.370,6.4,17.6,12.1,13.9,1.7,3.2,12.6,22.0,,1.4,1.1,2.5,.107,,0.4,0.0,0.4,0.7
2018-19,33,DEN,NBA,PF,70,1895,17.9,.570,.239,.374,8.7,20.2,14.4,10.6,2.2,2.5,10.9,19.6,,3.2,2.9,6.1,.155,,0.7,1.0,1.7,1.8
2019-20,34,DEN,NBA,PF,51,1240,16.9,.591,.283,.322,8.9,17.6,13.2,9.6,1.8,2.2,12.3,20.0,,2.1,1.4,3.5,.136,,0.3,-0.2,0.1,0.7
Career,,,NBA,,996,28961,18.9,.560,.132,.382,9.0,20.0,14.5,12.7,2.2,2.8,12.4,21.9,,48.0,43.7,91.7,.152,,1.0,1.0,2.0,29.1
,,,,,,,,,,,,,,,,,,,,,,,,,,,,
7 seasons,,UTA,NBA,,540,14821,18.8,.563,.022,.388,10.5,19.9,15.2,10.6,2.1,2.8,12.1,20.6,,27.9,20.1,48.1,.156,,0.8,0.8,1.6,13.3
4 seasons,,ATL,NBA,,297,9862,19.8,.552,.224,.384,7.0,20.8,14.0,16.5,2.5,2.9,13.0,24.5,,13.3,18.1,31.5,.153,,1.4,1.8,3.1,12.8
3 seasons,,DEN,NBA,,159,4278,17.4,.570,.257,.358,8.1,18.8,13.5,11.2,1.9,2.6,11.8,20.4,,6.7,5.4,12.2,.136,,0.5,0.4,0.9,3.1",Paul Millsap Stats | Basketball-Reference.com,undefined
"--- When using SR data, please cite us and provide a link and/or a mention.


 
Season,Age,Tm,Lg,Pos,G,MP,PER,TS%,3PAr,FTr,ORB%,DRB%,TRB%,AST%,STL%,BLK%,TOV%,USG%,,OWS,DWS,WS,WS/48,,OBPM,DBPM,BPM,VORP
2006-07,21,UTA,NBA,PF,82,1472,17.6,.571,.008,.523,15.1,19.8,17.5,6.7,2.4,4.2,16.1,17.8,,2.4,2.3,4.7,.153,,-0.4,1.0,0.6,0.9
2007-08,22,UTA,NBA,PF,82,1702,16.1,.548,.008,.456,12.1,20.8,16.5,7.0,2.2,3.5,12.6,18.1,,2.5,2.7,5.2,.148,,-0.9,0.8,-0.2,0.8
2008-09,23,UTA,NBA,PF,76,2290,18.6,.576,.005,.435,13.1,21.0,17.0,9.8,1.8,2.5,12.6,20.0,,4.5,3.3,7.7,.162,,0.7,0.3,1.1,1.8
2009-10,24,UTA,NBA,PF,82,2277,16.7,.573,.013,.369,9.9,18.9,14.5,8.9,1.4,3.5,12.2,18.7,,3.7,3.5,7.2,.151,,-0.4,0.8,0.4,1.4
2010-11,25,UTA,NBA,PF,76,2605,19.8,.578,.023,.342,7.5,19.4,13.4,12.6,2.1,2.2,11.3,22.6,,5.2,2.5,7.7,.143,,1.6,0.3,1.9,2.5
2011-12,26,UTA,NBA,PF,64,2100,21.8,.545,.036,.296,9.7,21.2,15.4,12.4,2.9,2.0,10.3,23.2,,4.9,2.9,7.8,.179,,2.6,1.3,3.9,3.1
2012-13,27,UTA,NBA,PF,78,2375,19.8,.550,.045,.407,8.6,18.8,13.7,14.5,2.3,2.7,11.8,22.4,,4.8,2.9,7.6,.154,,1.7,1.0,2.7,2.8
2013-14,28,ATL,NBA,PF,74,2482,19.8,.545,.202,.373,7.2,21.9,14.6,16.2,2.6,2.5,13.2,25.7,,2.7,4.0,6.7,.129,,1.4,1.3,2.8,3.0
2014-15,29,ATL,NBA,PF,73,2390,20.0,.565,.232,.362,6.9,20.0,13.6,15.4,2.8,2.4,13.3,23.8,,4.0,4.3,8.3,.166,,1.7,1.7,3.4,3.3
2015-16,30,ATL,NBA,PF,81,2647,21.3,.556,.218,.383,8.4,21.5,15.1,16.4,2.7,4.1,13.3,24.3,,4.1,6.0,10.1,.183,,1.5,2.7,4.2,4.1
2016-17,31,ATL,NBA,PF,69,2343,17.8,.542,.248,.417,5.3,19.5,12.5,17.9,1.9,2.3,12.1,24.4,,2.6,3.8,6.4,.132,,0.8,1.3,2.1,2.4
2017-18,32,DEN,NBA,PF,38,1143,17.0,.549,.260,.370,6.4,17.6,12.1,13.9,1.7,3.2,12.6,22.0,,1.4,1.1,2.5,.107,,0.4,0.0,0.4,0.7
2018-19,33,DEN,NBA,PF,70,1895,17.9,.570,.239,.374,8.7,20.2,14.4,10.6,2.2,2.5,10.9,19.6,,3.2,2.9,6.1,.155,,0.7,1.0,1.7,1.8
2019-20,34,DEN,NBA,PF,51,1240,16.9,.591,.283,.322,8.9,17.6,13.2,9.6,1.8,2.2,12.3,20.0,,2.1,1.4,3.5,.136,,0.3,-0.2,0.1,0.7
Career,,,NBA,,996,28961,18.9,.560,.132,.382,9.0,20.0,14.5,12.7,2.2,2.8,12.4,21.9,,48.0,43.7,91.7,.152,,1.0,1.0,2.0,29.1
,,,,,,,,,,,,,,,,,,,,,,,,,,,,
7 seasons,,UTA,NBA,,540,14821,18.8,.563,.022,.388,10.5,19.9,15.2,10.6,2.1,2.8,12.1,20.6,,27.9,20.1,48.1,.156,,0.8,0.8,1.6,13.3
4 seasons,,ATL,NBA,,297,9862,19.8,.552,.224,.384,7.0,20.8,14.0,16.5,2.5,2.9,13.0,24.5,,13.3,18.1,31.5,.153,,1.4,1.8,3.1,12.8
3 seasons,,DEN,NBA,,159,4278,17.4,.570,.257,.358,8.1,18.8,13.5,11.2,1.9,2.6,11.8,20.4,,6.7,5.4,12.2,.136,,0.5,0.4,0.9,3.1",,
"--- When using SR data, please cite us and provide a link and/or a mention.


 
Season,Age,Tm,Lg,Pos,G,MP,PER,TS%,3PAr,FTr,ORB%,DRB%,TRB%,AST%,STL%,BLK%,TOV%,USG%,,OWS,DWS,WS,WS/48,,OBPM,DBPM,BPM,VORP
2006-07,23,BOS,NBA,C,63,720,14.6,.549,.011,.814,15.8,20.1,17.9,2.3,1.0,2.4,16.4,18.1,,0.9,0.8,1.7,.116,,-2.1,-1.7,-3.8,-0.3
2007-08,24,BOS,NBA,C,56,809,20.9,.629,.004,.717,14.9,18.3,16.7,3.3,1.0,1.6,10.8,22.8,,2.7,1.6,4.3,.256,,1.0,-0.7,0.2,0.5
2008-09,25,BOS,NBA,PF,70,1227,17.2,.591,.000,.790,15.1,18.9,17.1,6.0,1.0,2.5,14.3,20.2,,2.7,2.2,4.9,.192,,-0.5,0.2,-0.3,0.5
2009-10,26,CLE,NBA,SF,20,236,10.2,.515,.000,1.286,10.1,20.2,15.4,0.0,1.3,0.7,12.5,17.3,,0.1,0.3,0.5,.097,,-4.6,-1.1,-5.8,-0.2
2010-11,27,TOT,NBA,CPF,30,328,15.0,.524,.017,.605,8.3,14.2,11.2,3.6,1.6,0.9,7.4,22.4,,0.4,0.2,0.6,.090,,-1.7,-1.7,-3.4,-0.1
2010-11,27,CLE,NBA,PF,14,187,12.9,.497,.000,.441,9.6,13.9,11.7,1.9,1.9,1.2,6.6,18.3,,0.1,0.1,0.2,.051,,-1.8,-1.5,-3.3,-0.1
2010-11,27,MEM,NBA,C,16,141,17.8,.548,.033,.767,6.7,14.5,10.6,6.0,1.1,0.6,8.0,27.9,,0.3,0.1,0.4,.142,,-1.7,-1.9,-3.5,-0.1
Career,,,NBA,,239,3320,16.8,.581,.005,.776,14.2,18.7,16.5,3.9,1.1,2.0,12.9,20.4,,6.8,5.2,12.0,.174,,-0.9,-0.7,-1.6,0.3
,,,,,,,,,,,,,,,,,,,,,,,,,,,,
3 seasons,,BOS,NBA,,189,2756,17.6,.594,.004,.770,15.2,19.1,17.2,4.2,1.0,2.2,13.7,20.4,,6.3,4.6,10.9,.191,,-0.5,-0.6,-1.1,0.7
2 seasons,,CLE,NBA,,34,423,11.4,.506,.000,.824,9.9,17.4,13.8,0.8,1.6,0.9,9.8,17.7,,0.2,0.5,0.7,.077,,-3.4,-1.3,-4.7,-0.3
1 season,,MEM,NBA,,16,141,17.8,.548,.033,.767,6.7,14.5,10.6,6.0,1.1,0.6,8.0,27.9,,0.3,0.1,0.4,.142,,-1.7,-1.9,-3.5,-0.1",Leon Powe Stats | Basketball-Reference.com,undefined
"--- When using SR data, please cite us and provide a link and/or a mention.


 
Season,Age,Tm,Lg,Pos,G,MP,PER,TS%,3PAr,FTr,ORB%,DRB%,TRB%,AST%,STL%,BLK%,TOV%,USG%,,OWS,DWS,WS,WS/48,,OBPM,DBPM,BPM,VORP
2006-07,22,CHA,NBA,C,27,185,8.5,.597,.000,1.111,6.8,13.2,9.9,0.9,1.1,2.9,23.0,17.1,,0.0,0.2,0.2,.040,,-6.2,-0.4,-6.7,-0.2
2007-08,23,CHA,NBA,PF,60,532,11.4,.565,.000,.872,11.4,11.7,11.6,4.0,1.0,4.3,16.1,13.3,,0.6,0.4,1.1,.096,,-3.9,0.1,-3.8,-0.2
2008-09,24,TOT,NBA,C,45,444,12.9,.569,.000,.766,12.4,13.4,12.9,2.5,0.8,5.7,16.0,15.7,,0.5,0.6,1.0,.110,,-3.4,0.7,-2.7,-0.1
2008-09,24,CHA,NBA,C,18,184,15.3,.613,.000,1.114,12.9,11.4,12.1,3.5,0.9,7.6,16.1,15.9,,0.3,0.3,0.6,.158,,-2.7,1.7,-1.0,0.0
2008-09,24,DAL,NBA,C,27,260,11.3,.537,.000,.559,12.0,14.9,13.5,1.7,0.8,4.3,16.0,15.5,,0.1,0.3,0.4,.076,,-3.8,-0.1,-3.9,-0.1
2009-10,25,MIN,NBA,C,73,1223,11.0,.600,.003,.521,7.1,11.9,9.5,6.4,0.8,2.3,20.3,16.6,,0.8,0.5,1.2,.048,,-3.9,-0.7,-4.6,-0.8
2010-11,26,CLE,NBA,C,70,1182,10.7,.642,.000,.744,6.6,11.6,9.0,3.6,1.0,2.7,18.7,13.7,,1.3,0.5,1.8,.072,,-4.0,-0.3,-4.3,-0.7
2011-12,27,TOT,NBA,C,39,522,6.9,.560,.000,.893,7.4,10.7,9.0,2.7,0.5,2.5,23.0,13.4,,-0.1,0.3,0.2,.023,,-5.9,-1.0,-6.9,-0.6
2011-12,27,CLE,NBA,C,24,362,7.0,.555,.000,.982,7.6,10.1,8.8,2.6,0.6,2.5,23.0,12.9,,0.0,0.1,0.1,.013,,-5.8,-1.4,-7.1,-0.5
2011-12,27,BOS,NBA,C,15,160,6.8,.571,.000,.714,7.0,12.0,9.6,3.0,0.3,2.4,23.0,14.3,,-0.1,0.2,0.1,.044,,-6.2,-0.2,-6.3,-0.2
2012-13,28,LAC,NBA,C,60,663,11.3,.674,.000,.772,9.1,15.7,12.5,2.4,0.5,4.3,22.4,13.6,,1.0,0.8,1.7,.125,,-4.0,0.2,-3.9,-0.3
2013-14,29,LAC,NBA,PF,61,482,11.9,.730,.000,.778,7.4,13.1,10.4,2.4,0.9,4.9,23.1,11.5,,0.7,0.6,1.3,.126,,-3.4,1.5,-1.9,0.0
2014-15,30,SAC,NBA,C,46,441,13.1,.648,.000,.659,9.6,16.6,13.2,5.0,0.7,3.4,19.1,13.1,,0.7,0.3,1.0,.104,,-2.1,-0.1,-2.3,0.0
2015-16,31,TOT,NBA,C,37,460,12.3,.636,.000,.532,11.2,13.2,12.1,3.3,0.7,4.2,19.8,11.8,,0.6,0.3,1.0,.100,,-2.8,-1.0,-3.7,-0.2
2015-16,31,WAS,NBA,C,5,48,7.2,.571,.000,.000,16.0,9.5,12.8,0.0,0.0,1.7,30.0,9.1,,0.0,0.0,0.0,.040,,-3.0,-3.2,-6.1,-0.1
2015-16,31,MEM,NBA,C,32,412,12.9,.641,.000,.583,10.6,13.6,12.0,3.7,0.7,4.5,18.8,12.1,,0.6,0.3,0.9,.107,,-2.8,-0.7,-3.5,-0.2
Career,,,NBA,,518,6134,11.0,.620,.001,.705,8.5,12.8,10.7,3.8,0.8,3.5,19.9,14.1,,6.0,4.4,10.4,.081,,-3.9,-0.2,-4.1,-3.2
,,,,,,,,,,,,,,,,,,,,,,,,,,,,
2 seasons,,LAC,NBA,,121,1145,11.6,.696,.000,.774,8.4,14.6,11.6,2.4,0.7,4.6,22.6,12.7,,1.6,1.4,3.0,.126,,-3.8,0.7,-3.0,-0.3
3 seasons,,CHA,NBA,,105,901,11.6,.583,.000,.976,10.8,12.0,11.3,3.3,1.0,4.7,17.8,14.6,,0.9,0.9,1.8,.097,,-4.1,0.3,-3.8,-0.4
2 seasons,,CLE,NBA,,94,1544,9.8,.623,.000,.793,6.8,11.3,9.0,3.3,0.9,2.7,19.7,13.5,,1.3,0.5,1.9,.058,,-4.4,-0.5,-5.0,-1.2
1 season,,MIN,NBA,,73,1223,11.0,.600,.003,.521,7.1,11.9,9.5,6.4,0.8,2.3,20.3,16.6,,0.8,0.5,1.2,.048,,-3.9,-0.7,-4.6,-0.8
1 season,,SAC,NBA,,46,441,13.1,.648,.000,.659,9.6,16.6,13.2,5.0,0.7,3.4,19.1,13.1,,0.7,0.3,1.0,.104,,-2.1,-0.1,-2.3,0.0
1 season,,MEM,NBA,,32,412,12.9,.641,.000,.583,10.6,13.6,12.0,3.7,0.7,4.5,18.8,12.1,,0.6,0.3,0.9,.107,,-2.8,-0.7,-3.5,-0.2
1 season,,DAL,NBA,,27,260,11.3,.537,.000,.559,12.0,14.9,13.5,1.7,0.8,4.3,16.0,15.5,,0.1,0.3,0.4,.076,,-3.8,-0.1,-3.9,-0.1
1 season,,BOS,NBA,,15,160,6.8,.571,.000,.714,7.0,12.0,9.6,3.0,0.3,2.4,23.0,14.3,,-0.1,0.2,0.1,.044,,-6.2,-0.2,-6.3,-0.2
1 season,,WAS,NBA,,5,48,7.2,.571,.000,.000,16.0,9.5,12.8,0.0,0.0,1.7,30.0,9.1,,0.0,0.0,0.0,.040,,-3.0,-3.2,-6.1,-0.1",Ryan Hollins Stats | Basketball-Reference.com,undefined
"--- When using SR data, please cite us and provide a link and/or a mention.


 
Season,Age,Tm,Lg,Pos,G,MP,PER,TS%,3PAr,FTr,ORB%,DRB%,TRB%,AST%,STL%,BLK%,TOV%,USG%,,OWS,DWS,WS,WS/48,,OBPM,DBPM,BPM,VORP
2007-08,23,DET,NBA,C,4,31,12.0,.717,.000,.500,11.5,15.5,13.5,0.0,1.8,5.1,17.0,8.9,,0.1,0.1,0.1,.178,,-4.2,1.9,-2.3,0.0
2008-09,24,TOT,NBA,C,18,83,5.3,.214,.094,.219,13.6,19.5,16.7,1.7,1.9,9.1,7.9,20.6,,-0.4,0.1,-0.2,-0.144,,-8.8,-2.9,-11.7,-0.2
2008-09,24,DEN,NBA,C,6,24,2.9,.154,.077,.000,10.0,32.9,21.8,6.0,4.2,16.1,13.3,27.8,,-0.2,0.1,-0.1,-0.246,,-14.0,2.0,-12.1,-0.1
2008-09,24,LAC,NBA,C,10,51,9.2,.302,.125,.313,15.4,14.0,14.7,0.0,1.0,7.3,5.2,17.2,,-0.1,0.0,0.0,-0.046,,-5.7,-3.8,-9.5,-0.1
2008-09,24,NYK,NBA,C,2,8,-12.6,.000,.000,.667,13.2,14.2,13.7,0.0,0.0,0.0,0.0,21.1,,-0.1,0.0,-0.1,-0.458,,-12.9,-11.5,-24.5,0.0
Career,,,NBA,,22,114,7.1,.275,.083,.250,13.1,18.4,15.8,1.3,1.8,8.0,9.1,17.4,,-0.3,0.2,-0.1,-0.056,,-7.6,-1.6,-9.1,-0.2
,,,,,,,,,,,,,,,,,,,,,,,,,,,,
1 season,,LAC,NBA,,10,51,9.2,.302,.125,.313,15.4,14.0,14.7,0.0,1.0,7.3,5.2,17.2,,-0.1,0.0,0.0,-0.046,,-5.7,-3.8,-9.5,-0.1
1 season,,DEN,NBA,,6,24,2.9,.154,.077,.000,10.0,32.9,21.8,6.0,4.2,16.1,13.3,27.8,,-0.2,0.1,-0.1,-0.246,,-14.0,2.0,-12.1,-0.1
1 season,,DET,NBA,,4,31,12.0,.717,.000,.500,11.5,15.5,13.5,0.0,1.8,5.1,17.0,8.9,,0.1,0.1,0.1,.178,,-4.2,1.9,-2.3,0.0
1 season,,NYK,NBA,,2,8,-12.6,.000,.000,.667,13.2,14.2,13.7,0.0,0.0,0.0,0.0,21.1,,-0.1,0.0,-0.1,-0.458,,-12.9,-11.5,-24.5,0.0",Cheikh Samb Stats | Basketball-Reference.com,undefined
"--- When using SR data, please cite us and provide a link and/or a mention.


 
Season,Age,Tm,Lg,Pos,G,MP,PER,TS%,3PAr,FTr,ORB%,DRB%,TRB%,AST%,STL%,BLK%,TOV%,USG%,,OWS,DWS,WS,WS/48,,OBPM,DBPM,BPM,VORP
2007-08,22,LAC,NBA,SG,6,18,9.9,.403,.250,1.250,12.7,0.0,6.4,8.5,0.0,0.0,0.0,15.9,,0.0,0.0,0.0,.033,,-0.2,-2.7,-2.9,0.0
Career,,,NBA,,6,18,9.9,.403,.250,1.250,12.7,0.0,6.4,8.5,0.0,0.0,0.0,15.9,,0.0,0.0,0.0,.033,,-0.2,-2.7,-2.9,0.0",Guillermo Díaz Stats | Basketball-Reference.com,undefined
"--- When using SR data, please cite us and provide a link and/or a mention.


 
Season,Age,Tm,Lg,Pos,G,MP,PER,TS%,3PAr,FTr,ORB%,DRB%,TRB%,AST%,STL%,BLK%,TOV%,USG%,,OWS,DWS,WS,WS/48,,OBPM,DBPM,BPM,VORP
2007-08,22,LAC,NBA,SG,6,18,9.9,.403,.250,1.250,12.7,0.0,6.4,8.5,0.0,0.0,0.0,15.9,,0.0,0.0,0.0,.033,,-0.2,-2.7,-2.9,0.0
Career,,,NBA,,6,18,9.9,.403,.250,1.250,12.7,0.0,6.4,8.5,0.0,0.0,0.0,15.9,,0.0,0.0,0.0,.033,,-0.2,-2.7,-2.9,0.0",,
"--- When using SR data, please cite us and provide a link and/or a mention.


 
Season,Age,Tm,Lg,Pos,G,MP,PER,TS%,3PAr,FTr,ORB%,DRB%,TRB%,AST%,STL%,BLK%,TOV%,USG%,,OWS,DWS,WS,WS/48,,OBPM,DBPM,BPM,VORP
2006-07,22,NJN,NBA,SG,61,495,13.0,.577,.007,.267,8.4,9.9,9.2,4.5,1.8,0.6,12.7,16.3,,0.5,0.5,1.0,.095,,-1.3,-0.2,-1.5,0.1
2008-09,24,TOR,NBA,SG,12,52,0.4,.352,.000,.462,2.3,13.4,7.9,2.8,1.0,1.5,20.4,17.4,,-0.2,0.0,-0.2,-0.144,,-7.5,-1.9,-9.4,-0.1
Career,,,NBA,,73,547,11.8,.556,.007,.284,7.8,10.3,9.1,4.4,1.7,0.7,13.5,16.4,,0.3,0.5,0.8,.072,,-1.9,-0.3,-2.3,0.0
,,,,,,,,,,,,,,,,,,,,,,,,,,,,
1 season,,NJN,NBA,,61,495,13.0,.577,.007,.267,8.4,9.9,9.2,4.5,1.8,0.6,12.7,16.3,,0.5,0.5,1.0,.095,,-1.3,-0.2,-1.5,0.1
1 season,,TOR,NBA,,12,52,0.4,.352,.000,.462,2.3,13.4,7.9,2.8,1.0,1.5,20.4,17.4,,-0.2,0.0,-0.2,-0.144,,-7.5,-1.9,-9.4,-0.1",Hassan Adams Stats | Basketball-Reference.com,undefined
"--- When using SR data, please cite us and provide a link and/or a mention.


 
Season,Age,Tm,Lg,Pos,G,MP,PER,TS%,3PAr,FTr,ORB%,DRB%,TRB%,AST%,STL%,BLK%,TOV%,USG%,,OWS,DWS,WS,WS/48,,OBPM,DBPM,BPM,VORP
2006-07,22,NJN,NBA,SG,61,495,13.0,.577,.007,.267,8.4,9.9,9.2,4.5,1.8,0.6,12.7,16.3,,0.5,0.5,1.0,.095,,-1.3,-0.2,-1.5,0.1
2008-09,24,TOR,NBA,SG,12,52,0.4,.352,.000,.462,2.3,13.4,7.9,2.8,1.0,1.5,20.4,17.4,,-0.2,0.0,-0.2,-0.144,,-7.5,-1.9,-9.4,-0.1
Career,,,NBA,,73,547,11.8,.556,.007,.284,7.8,10.3,9.1,4.4,1.7,0.7,13.5,16.4,,0.3,0.5,0.8,.072,,-1.9,-0.3,-2.3,0.0
,,,,,,,,,,,,,,,,,,,,,,,,,,,,
1 season,,NJN,NBA,,61,495,13.0,.577,.007,.267,8.4,9.9,9.2,4.5,1.8,0.6,12.7,16.3,,0.5,0.5,1.0,.095,,-1.3,-0.2,-1.5,0.1
1 season,,TOR,NBA,,12,52,0.4,.352,.000,.462,2.3,13.4,7.9,2.8,1.0,1.5,20.4,17.4,,-0.2,0.0,-0.2,-0.144,,-7.5,-1.9,-9.4,-0.1",,
"--- When using SR data, please cite us and provide a link and/or a mention.


 
Season,Age,Tm,Lg,Pos,G,MP,PER,TS%,3PAr,FTr,ORB%,DRB%,TRB%,AST%,STL%,BLK%,TOV%,USG%,,OWS,DWS,WS,WS/48,,OBPM,DBPM,BPM,VORP
2006-07,22,NJN,NBA,SG,61,495,13.0,.577,.007,.267,8.4,9.9,9.2,4.5,1.8,0.6,12.7,16.3,,0.5,0.5,1.0,.095,,-1.3,-0.2,-1.5,0.1
2008-09,24,TOR,NBA,SG,12,52,0.4,.352,.000,.462,2.3,13.4,7.9,2.8,1.0,1.5,20.4,17.4,,-0.2,0.0,-0.2,-0.144,,-7.5,-1.9,-9.4,-0.1
Career,,,NBA,,73,547,11.8,.556,.007,.284,7.8,10.3,9.1,4.4,1.7,0.7,13.5,16.4,,0.3,0.5,0.8,.072,,-1.9,-0.3,-2.3,0.0
,,,,,,,,,,,,,,,,,,,,,,,,,,,,
1 season,,NJN,NBA,,61,495,13.0,.577,.007,.267,8.4,9.9,9.2,4.5,1.8,0.6,12.7,16.3,,0.5,0.5,1.0,.095,,-1.3,-0.2,-1.5,0.1
1 season,,TOR,NBA,,12,52,0.4,.352,.000,.462,2.3,13.4,7.9,2.8,1.0,1.5,20.4,17.4,,-0.2,0.0,-0.2,-0.144,,-7.5,-1.9,-9.4,-0.1",,
"--- When using SR data, please cite us and provide a link and/or a mention.


 
Season,Age,Tm,Lg,Pos,G,MP,PER,TS%,3PAr,FTr,ORB%,DRB%,TRB%,AST%,STL%,BLK%,TOV%,USG%,,OWS,DWS,WS,WS/48,,OBPM,DBPM,BPM,VORP
2006-07,21,MIL,NBA,PF,30,170,5.0,.449,.308,.212,7.5,14.0,10.7,5.2,0.9,0.5,20.9,19.1,,-0.3,0.0,-0.2,-0.070,,-5.6,-2.9,-8.5,-0.3
Career,,,NBA,,30,170,5.0,.449,.308,.212,7.5,14.0,10.7,5.2,0.9,0.5,20.9,19.1,,-0.3,0.0,-0.2,-0.070,,-5.6,-2.9,-8.5,-0.3",Damir Markota Stats | Basketball-Reference.com,undefined
"--- When using SR data, please cite us and provide a link and/or a mention.


 
Season,Age,Tm,Lg,Pos,G,MP,PER,TS%,3PAr,FTr,ORB%,DRB%,TRB%,AST%,STL%,BLK%,TOV%,USG%,,OWS,DWS,WS,WS/48,,OBPM,DBPM,BPM,VORP
2006-07,23,DET,NBA,PG,14,166,4.5,.383,.167,.200,4.3,6.4,5.4,14.9,1.7,0.0,26.9,12.8,,-0.3,0.1,-0.1,-0.032,,-5.3,-0.6,-5.8,-0.2
Career,,,NBA,,14,166,4.5,.383,.167,.200,4.3,6.4,5.4,14.9,1.7,0.0,26.9,12.8,,-0.3,0.1,-0.1,-0.032,,-5.3,-0.6,-5.8,-0.2",Will Blalock Stats | Basketball-Reference.com,undefined