Text1,Text,Root
Zion Williamson,"--- When using SR data, please cite us and provide a link and/or a mention.


 
Season,Age,Tm,Lg,Pos,G,MP,PER,TS%,3PAr,FTr,ORB%,DRB%,TRB%,AST%,STL%,BLK%,TOV%,USG%,,OWS,DWS,WS,WS/48,,OBPM,DBPM,BPM,VORP
2019-20,19,NOP,NBA,PF,24,668,24.1,.616,.039,.494,10.1,13.7,11.9,13.3,1.1,1.1,11.9,30.5,,1.5,0.4,2.0,.141,,3.5,-1.4,2.1,0.7
Career,,,NBA,,24,668,24.1,.616,.039,.494,10.1,13.7,11.9,13.3,1.1,1.1,11.9,30.5,,1.5,0.4,2.0,.141,,3.5,-1.4,2.1,0.7",undefined
Ja Morant,"--- When using SR data, please cite us and provide a link and/or a mention.


 
Season,Age,Tm,Lg,Pos,G,MP,PER,TS%,3PAr,FTr,ORB%,DRB%,TRB%,AST%,STL%,BLK%,TOV%,USG%,,OWS,DWS,WS,WS/48,,OBPM,DBPM,BPM,VORP
2019-20,20,MEM,NBA,PG,67,2074,17.4,.556,.191,.329,2.6,10.4,6.6,35.2,1.3,0.8,17.0,25.9,,2.3,1.5,3.8,.088,,1.5,-1.2,0.3,1.2
Career,,,NBA,,67,2074,17.4,.556,.191,.329,2.6,10.4,6.6,35.2,1.3,0.8,17.0,25.9,,2.3,1.5,3.8,.088,,1.5,-1.2,0.3,1.2",undefined
RJ Barrett,"--- When using SR data, please cite us and provide a link and/or a mention.


 
Season,Age,Tm,Lg,Pos,G,MP,PER,TS%,3PAr,FTr,ORB%,DRB%,TRB%,AST%,STL%,BLK%,TOV%,USG%,,OWS,DWS,WS,WS/48,,OBPM,DBPM,BPM,VORP
2019-20,19,NYK,NBA,SG,56,1704,10.7,.479,.271,.349,3.0,14.8,8.7,12.8,1.6,0.9,12.9,24.0,,-1.6,1.1,-0.5,-0.015,,-2.9,-1.5,-4.3,-1.0
Career,,,NBA,,56,1704,10.7,.479,.271,.349,3.0,14.8,8.7,12.8,1.6,0.9,12.9,24.0,,-1.6,1.1,-0.5,-0.015,,-2.9,-1.5,-4.3,-1.0",undefined
De'Andre Hunter,"--- When using SR data, please cite us and provide a link and/or a mention.


 
Season,Age,Tm,Lg,Pos,G,MP,PER,TS%,3PAr,FTr,ORB%,DRB%,TRB%,AST%,STL%,BLK%,TOV%,USG%,,OWS,DWS,WS,WS/48,,OBPM,DBPM,BPM,VORP
2019-20,22,ATL,NBA,SF,63,2018,8.6,.521,.445,.211,2.3,13.1,7.6,8.0,1.0,0.7,12.1,17.5,,-0.4,0.5,0.1,.002,,-2.9,-1.8,-4.7,-1.4
Career,,,NBA,,63,2018,8.6,.521,.445,.211,2.3,13.1,7.6,8.0,1.0,0.7,12.1,17.5,,-0.4,0.5,0.1,.002,,-2.9,-1.8,-4.7,-1.4",undefined
Darius Garland,"--- When using SR data, please cite us and provide a link and/or a mention.


 
Season,Age,Tm,Lg,Pos,G,MP,PER,TS%,3PAr,FTr,ORB%,DRB%,TRB%,AST%,STL%,BLK%,TOV%,USG%,,OWS,DWS,WS,WS/48,,OBPM,DBPM,BPM,VORP
2019-20,20,CLE,NBA,SG,59,1824,8.5,.498,.423,.103,1.6,5.2,3.4,18.5,1.1,0.2,17.1,20.7,,-1.3,0.0,-1.3,-0.034,,-2.7,-2.8,-5.6,-1.7
Career,,,NBA,,59,1824,8.5,.498,.423,.103,1.6,5.2,3.4,18.5,1.1,0.2,17.1,20.7,,-1.3,0.0,-1.3,-0.034,,-2.7,-2.8,-5.6,-1.7",undefined
Jarrett Culver,"--- When using SR data, please cite us and provide a link and/or a mention.


 
Season,Age,Tm,Lg,Pos,G,MP,PER,TS%,3PAr,FTr,ORB%,DRB%,TRB%,AST%,STL%,BLK%,TOV%,USG%,,OWS,DWS,WS,WS/48,,OBPM,DBPM,BPM,VORP
2019-20,20,MIN,NBA,SG,63,1506,9.6,.467,.388,.206,4.7,10.3,7.4,10.8,1.8,2.1,11.5,19.2,,-1.2,1.1,-0.1,-0.004,,-3.3,-0.7,-4.0,-0.8
Career,,,NBA,,63,1506,9.6,.467,.388,.206,4.7,10.3,7.4,10.8,1.8,2.1,11.5,19.2,,-1.2,1.1,-0.1,-0.004,,-3.3,-0.7,-4.0,-0.8",undefined
Coby White,"--- When using SR data, please cite us and provide a link and/or a mention.


 
Season,Age,Tm,Lg,Pos,G,MP,PER,TS%,3PAr,FTr,ORB%,DRB%,TRB%,AST%,STL%,BLK%,TOV%,USG%,,OWS,DWS,WS,WS/48,,OBPM,DBPM,BPM,VORP
2019-20,19,CHI,NBA,PG,65,1674,11.9,.506,.475,.163,1.8,14.0,7.6,16.5,1.4,0.3,11.4,24.4,,-0.5,1.4,0.9,.026,,-1.2,-1.6,-2.8,-0.4
Career,,,NBA,,65,1674,11.9,.506,.475,.163,1.8,14.0,7.6,16.5,1.4,0.3,11.4,24.4,,-0.5,1.4,0.9,.026,,-1.2,-1.6,-2.8,-0.4",undefined
Jaxson Hayes,"--- When using SR data, please cite us and provide a link and/or a mention.


 
Season,Age,Tm,Lg,Pos,G,MP,PER,TS%,3PAr,FTr,ORB%,DRB%,TRB%,AST%,STL%,BLK%,TOV%,USG%,,OWS,DWS,WS,WS/48,,OBPM,DBPM,BPM,VORP
2019-20,19,NOP,NBA,C,64,1080,17.6,.689,.015,.734,9.5,16.0,12.7,7.2,1.1,4.3,13.4,15.0,,2.8,1.1,3.9,.171,,-0.9,0.6,-0.3,0.5
Career,,,NBA,,64,1080,17.6,.689,.015,.734,9.5,16.0,12.7,7.2,1.1,4.3,13.4,15.0,,2.8,1.1,3.9,.171,,-0.9,0.6,-0.3,0.5",undefined
Rui Hachimura,"--- When using SR data, please cite us and provide a link and/or a mention.


 
Season,Age,Tm,Lg,Pos,G,MP,PER,TS%,3PAr,FTr,ORB%,DRB%,TRB%,AST%,STL%,BLK%,TOV%,USG%,,OWS,DWS,WS,WS/48,,OBPM,DBPM,BPM,VORP
2019-20,21,WAS,NBA,PF,48,1444,13.5,.535,.160,.257,5.7,17.0,11.1,8.8,1.2,0.5,8.0,19.0,,1.3,0.5,1.8,.060,,-1.2,-2.0,-3.2,-0.4
Career,,,NBA,,48,1444,13.5,.535,.160,.257,5.7,17.0,11.1,8.8,1.2,0.5,8.0,19.0,,1.3,0.5,1.8,.060,,-1.2,-2.0,-3.2,-0.4",undefined
Cam Reddish,"--- When using SR data, please cite us and provide a link and/or a mention.


 
Season,Age,Tm,Lg,Pos,G,MP,PER,TS%,3PAr,FTr,ORB%,DRB%,TRB%,AST%,STL%,BLK%,TOV%,USG%,,OWS,DWS,WS,WS/48,,OBPM,DBPM,BPM,VORP
2019-20,20,ATL,NBA,SF,58,1551,9.0,.500,.451,.227,2.4,12.7,7.5,8.0,1.9,1.5,13.6,18.9,,-1.2,0.8,-0.4,-0.011,,-3.3,-1.0,-4.2,-0.9
Career,,,NBA,,58,1551,9.0,.500,.451,.227,2.4,12.7,7.5,8.0,1.9,1.5,13.6,18.9,,-1.2,0.8,-0.4,-0.011,,-3.3,-1.0,-4.2,-0.9",undefined
Cameron Johnson,"--- When using SR data, please cite us and provide a link and/or a mention.


 
Season,Age,Tm,Lg,Pos,G,MP,PER,TS%,3PAr,FTr,ORB%,DRB%,TRB%,AST%,STL%,BLK%,TOV%,USG%,,OWS,DWS,WS,WS/48,,OBPM,DBPM,BPM,VORP
2019-20,23,PHO,NBA,PF,57,1255,12.9,.586,.672,.141,4.3,12.4,8.3,7.7,1.4,1.4,6.9,15.7,,1.7,1.0,2.7,.102,,0.8,-0.4,0.3,0.7
Career,,,NBA,,57,1255,12.9,.586,.672,.141,4.3,12.4,8.3,7.7,1.4,1.4,6.9,15.7,,1.7,1.0,2.7,.102,,0.8,-0.4,0.3,0.7",undefined
P.J. Washington,"--- When using SR data, please cite us and provide a link and/or a mention.


 
Season,Age,Tm,Lg,Pos,G,MP,PER,TS%,3PAr,FTr,ORB%,DRB%,TRB%,AST%,STL%,BLK%,TOV%,USG%,,OWS,DWS,WS,WS/48,,OBPM,DBPM,BPM,VORP
2019-20,21,CHO,NBA,PF,58,1759,12.4,.547,.390,.231,3.5,16.6,9.8,11.3,1.5,2.3,12.5,18.6,,0.5,1.5,2.0,.054,,-1.7,0.1,-1.6,0.2
Career,,,NBA,,58,1759,12.4,.547,.390,.231,3.5,16.6,9.8,11.3,1.5,2.3,12.5,18.6,,0.5,1.5,2.0,.054,,-1.7,0.1,-1.6,0.2",undefined
Tyler Herro,"--- When using SR data, please cite us and provide a link and/or a mention.


 
Season,Age,Tm,Lg,Pos,G,MP,PER,TS%,3PAr,FTr,ORB%,DRB%,TRB%,AST%,STL%,BLK%,TOV%,USG%,,OWS,DWS,WS,WS/48,,OBPM,DBPM,BPM,VORP
2019-20,20,MIA,NBA,SG,55,1508,12.5,.550,.472,.158,1.2,14.9,8.3,12.7,1.1,0.6,11.4,22.3,,0.2,1.3,1.6,.050,,-0.4,-1.2,-1.6,0.1
Career,,,NBA,,55,1508,12.5,.550,.472,.158,1.2,14.9,8.3,12.7,1.1,0.6,11.4,22.3,,0.2,1.3,1.6,.050,,-0.4,-1.2,-1.6,0.1",undefined
Romeo Langford,"--- When using SR data, please cite us and provide a link and/or a mention.


 
Season,Age,Tm,Lg,Pos,G,MP,PER,TS%,3PAr,FTr,ORB%,DRB%,TRB%,AST%,STL%,BLK%,TOV%,USG%,,OWS,DWS,WS,WS/48,,OBPM,DBPM,BPM,VORP
2019-20,20,BOS,NBA,SG,32,370,5.4,.434,.338,.313,4.4,7.4,5.9,4.5,1.0,2.0,10.8,11.8,,-0.2,0.4,0.2,.025,,-4.7,-0.3,-4.9,-0.3
Career,,,NBA,,32,370,5.4,.434,.338,.313,4.4,7.4,5.9,4.5,1.0,2.0,10.8,11.8,,-0.2,0.4,0.2,.025,,-4.7,-0.3,-4.9,-0.3",undefined
Sekou Doumbouya,"--- When using SR data, please cite us and provide a link and/or a mention.


 
Season,Age,Tm,Lg,Pos,G,MP,PER,TS%,3PAr,FTr,ORB%,DRB%,TRB%,AST%,STL%,BLK%,TOV%,USG%,,OWS,DWS,WS,WS/48,,OBPM,DBPM,BPM,VORP
2019-20,19,DET,NBA,PF,38,754,6.2,.474,.415,.195,3.0,14.9,8.9,3.6,1.3,0.9,12.0,16.9,,-0.8,0.5,-0.3,-0.020,,-5.3,-1.4,-6.7,-0.9
Career,,,NBA,,38,754,6.2,.474,.415,.195,3.0,14.9,8.9,3.6,1.3,0.9,12.0,16.9,,-0.8,0.5,-0.3,-0.020,,-5.3,-1.4,-6.7,-0.9",undefined
Sekou Doumbouya,,
Nickeil Alexander-Walker,"--- When using SR data, please cite us and provide a link and/or a mention.


 
Season,Age,Tm,Lg,Pos,G,MP,PER,TS%,3PAr,FTr,ORB%,DRB%,TRB%,AST%,STL%,BLK%,TOV%,USG%,,OWS,DWS,WS,WS/48,,OBPM,DBPM,BPM,VORP
2019-20,21,NOP,NBA,SG,47,591,8.9,.473,.500,.139,1.6,13.5,7.5,21.1,1.3,1.1,16.1,23.3,,-0.7,0.4,-0.2,-0.020,,-3.2,-1.4,-4.6,-0.4
Career,,,NBA,,47,591,8.9,.473,.500,.139,1.6,13.5,7.5,21.1,1.3,1.1,16.1,23.3,,-0.7,0.4,-0.2,-0.020,,-3.2,-1.4,-4.6,-0.4",undefined
Goga Bitadze,"--- When using SR data, please cite us and provide a link and/or a mention.


 
Season,Age,Tm,Lg,Pos,G,MP,PER,TS%,3PAr,FTr,ORB%,DRB%,TRB%,AST%,STL%,BLK%,TOV%,USG%,,OWS,DWS,WS,WS/48,,OBPM,DBPM,BPM,VORP
2019-20,20,IND,NBA,C,54,471,12.1,.523,.280,.220,5.9,18.7,12.3,6.7,1.0,6.9,14.5,17.9,,-0.1,0.8,0.7,.067,,-4.1,1.8,-2.3,0.0
Career,,,NBA,,54,471,12.1,.523,.280,.220,5.9,18.7,12.3,6.7,1.0,6.9,14.5,17.9,,-0.1,0.8,0.7,.067,,-4.1,1.8,-2.3,0.0",undefined
Luka Šamanić,"--- When using SR data, please cite us and provide a link and/or a mention.


 
Season,Age,Tm,Lg,Pos,G,MP,PER,TS%,3PAr,FTr,ORB%,DRB%,TRB%,AST%,STL%,BLK%,TOV%,USG%,,OWS,DWS,WS,WS/48,,OBPM,DBPM,BPM,VORP
2019-20,20,SAS,NBA,PF,3,48,8.8,.450,.500,.250,2.2,20.2,11.2,16.3,0.0,3.7,10.1,17.8,,0.0,0.0,0.0,.011,,-2.4,-1.7,-4.1,0.0
Career,,,NBA,,3,48,8.8,.450,.500,.250,2.2,20.2,11.2,16.3,0.0,3.7,10.1,17.8,,0.0,0.0,0.0,.011,,-2.4,-1.7,-4.1,0.0",undefined
Matisse Thybulle,"--- When using SR data, please cite us and provide a link and/or a mention.


 
Season,Age,Tm,Lg,Pos,G,MP,PER,TS%,3PAr,FTr,ORB%,DRB%,TRB%,AST%,STL%,BLK%,TOV%,USG%,,OWS,DWS,WS,WS/48,,OBPM,DBPM,BPM,VORP
2019-20,22,PHI,NBA,SG,65,1287,10.0,.539,.592,.155,3.8,5.4,4.6,8.0,3.5,3.1,15.3,11.2,,0.3,2.0,2.3,.086,,-2.8,3.1,0.3,0.8
Career,,,NBA,,65,1287,10.0,.539,.592,.155,3.8,5.4,4.6,8.0,3.5,3.1,15.3,11.2,,0.3,2.0,2.3,.086,,-2.8,3.1,0.3,0.8",undefined
Brandon Clarke,"--- When using SR data, please cite us and provide a link and/or a mention.


 
Season,Age,Tm,Lg,Pos,G,MP,PER,TS%,3PAr,FTr,ORB%,DRB%,TRB%,AST%,STL%,BLK%,TOV%,USG%,,OWS,DWS,WS,WS/48,,OBPM,DBPM,BPM,VORP
2019-20,23,MEM,NBA,PF,58,1300,20.9,.663,.134,.234,7.6,20.1,14.0,9.5,1.1,3.2,9.4,18.7,,3.4,1.6,5.0,.183,,2.4,0.7,3.1,1.7
Career,,,NBA,,58,1300,20.9,.663,.134,.234,7.6,20.1,14.0,9.5,1.1,3.2,9.4,18.7,,3.4,1.6,5.0,.183,,2.4,0.7,3.1,1.7",undefined
Grant Williams,"--- When using SR data, please cite us and provide a link and/or a mention.


 
Season,Age,Tm,Lg,Pos,G,MP,PER,TS%,3PAr,FTr,ORB%,DRB%,TRB%,AST%,STL%,BLK%,TOV%,USG%,,OWS,DWS,WS,WS/48,,OBPM,DBPM,BPM,VORP
2019-20,21,BOS,NBA,PF,69,1043,7.9,.505,.455,.256,6.1,12.1,9.1,8.5,1.4,3.2,17.6,11.6,,0.1,1.4,1.6,.071,,-4.1,1.4,-2.7,-0.2
Career,,,NBA,,69,1043,7.9,.505,.455,.256,6.1,12.1,9.1,8.5,1.4,3.2,17.6,11.6,,0.1,1.4,1.6,.071,,-4.1,1.4,-2.7,-0.2",undefined
Darius Bazley,"--- When using SR data, please cite us and provide a link and/or a mention.


 
Season,Age,Tm,Lg,Pos,G,MP,PER,TS%,3PAr,FTr,ORB%,DRB%,TRB%,AST%,STL%,BLK%,TOV%,USG%,,OWS,DWS,WS,WS/48,,OBPM,DBPM,BPM,VORP
2019-20,19,OKC,NBA,PF,61,1130,9.6,.497,.445,.196,3.0,20.5,12.0,5.1,1.0,3.1,11.6,15.1,,-0.5,1.5,1.0,.041,,-2.1,0.5,-1.6,0.1
Career,,,NBA,,61,1130,9.6,.497,.445,.196,3.0,20.5,12.0,5.1,1.0,3.1,11.6,15.1,,-0.5,1.5,1.0,.041,,-2.1,0.5,-1.6,0.1",undefined
Ty Jerome,"--- When using SR data, please cite us and provide a link and/or a mention.


 
Season,Age,Tm,Lg,Pos,G,MP,PER,TS%,3PAr,FTr,ORB%,DRB%,TRB%,AST%,STL%,BLK%,TOV%,USG%,,OWS,DWS,WS,WS/48,,OBPM,DBPM,BPM,VORP
2019-20,22,PHO,NBA,SG,31,328,7.9,.425,.442,.142,2.3,13.4,7.8,18.2,2.2,0.8,13.0,17.9,,-0.3,0.3,0.0,-0.003,,-4.0,0.1,-3.8,-0.2
Career,,,NBA,,31,328,7.9,.425,.442,.142,2.3,13.4,7.8,18.2,2.2,0.8,13.0,17.9,,-0.3,0.3,0.0,-0.003,,-4.0,0.1,-3.8,-0.2",undefined
Nassir Little,"--- When using SR data, please cite us and provide a link and/or a mention.


 
Season,Age,Tm,Lg,Pos,G,MP,PER,TS%,3PAr,FTr,ORB%,DRB%,TRB%,AST%,STL%,BLK%,TOV%,USG%,,OWS,DWS,WS,WS/48,,OBPM,DBPM,BPM,VORP
2019-20,19,POR,NBA,PF,48,573,9.6,.505,.391,.291,5.7,13.9,9.9,5.0,1.1,2.1,8.1,13.7,,0.3,0.3,0.6,.047,,-2.9,-0.6,-3.5,-0.2
Career,,,NBA,,48,573,9.6,.505,.391,.291,5.7,13.9,9.9,5.0,1.1,2.1,8.1,13.7,,0.3,0.3,0.6,.047,,-2.9,-0.6,-3.5,-0.2",undefined
Nassir Little,,
Mfiondu Kabengele,"--- When using SR data, please cite us and provide a link and/or a mention.


 
Season,Age,Tm,Lg,Pos,G,MP,PER,TS%,3PAr,FTr,ORB%,DRB%,TRB%,AST%,STL%,BLK%,TOV%,USG%,,OWS,DWS,WS,WS/48,,OBPM,DBPM,BPM,VORP
2019-20,22,LAC,NBA,C,12,64,18.2,.614,.625,.156,1.7,15.8,8.9,4.9,1.5,2.8,5.5,23.7,,0.1,0.1,0.2,.173,,2.3,-0.1,2.2,0.1
Career,,,NBA,,12,64,18.2,.614,.625,.156,1.7,15.8,8.9,4.9,1.5,2.8,5.5,23.7,,0.1,0.1,0.2,.173,,2.3,-0.1,2.2,0.1",undefined
Jordan Poole,"--- When using SR data, please cite us and provide a link and/or a mention.


 
Season,Age,Tm,Lg,Pos,G,MP,PER,TS%,3PAr,FTr,ORB%,DRB%,TRB%,AST%,STL%,BLK%,TOV%,USG%,,OWS,DWS,WS,WS/48,,OBPM,DBPM,BPM,VORP
2019-20,20,GSW,NBA,SG,57,1274,7.2,.454,.528,.237,0.7,9.6,5.0,15.8,1.3,0.7,11.8,21.1,,-1.6,0.4,-1.2,-0.047,,-4.4,-2.2,-6.6,-1.5
Career,,,NBA,,57,1274,7.2,.454,.528,.237,0.7,9.6,5.0,15.8,1.3,0.7,11.8,21.1,,-1.6,0.4,-1.2,-0.047,,-4.4,-2.2,-6.6,-1.5",undefined
Keldon Johnson,"--- When using SR data, please cite us and provide a link and/or a mention.


 
Season,Age,Tm,Lg,Pos,G,MP,PER,TS%,3PAr,FTr,ORB%,DRB%,TRB%,AST%,STL%,BLK%,TOV%,USG%,,OWS,DWS,WS,WS/48,,OBPM,DBPM,BPM,VORP
2019-20,20,SAS,NBA,SF,17,301,19.1,.711,.247,.494,3.6,16.8,10.2,7.2,2.2,0.6,10.7,17.4,,0.8,0.2,1.1,.174,,1.5,0.0,1.5,0.3
Career,,,NBA,,17,301,19.1,.711,.247,.494,3.6,16.8,10.2,7.2,2.2,0.6,10.7,17.4,,0.8,0.2,1.1,.174,,1.5,0.0,1.5,0.3",undefined
Kevin Porter Jr.,"--- When using SR data, please cite us and provide a link and/or a mention.


 
Season,Age,Tm,Lg,Pos,G,MP,PER,TS%,3PAr,FTr,ORB%,DRB%,TRB%,AST%,STL%,BLK%,TOV%,USG%,,OWS,DWS,WS,WS/48,,OBPM,DBPM,BPM,VORP
2019-20,19,CLE,NBA,SF,50,1162,10.8,.535,.375,.240,2.1,13.5,7.7,13.9,1.9,1.0,16.7,20.5,,-0.3,0.6,0.3,.012,,-3.2,-0.6,-3.8,-0.5
Career,,,NBA,,50,1162,10.8,.535,.375,.240,2.1,13.5,7.7,13.9,1.9,1.0,16.7,20.5,,-0.3,0.6,0.3,.012,,-3.2,-0.6,-3.8,-0.5",undefined
Nicolas Claxton,"--- When using SR data, please cite us and provide a link and/or a mention.


 
Season,Age,Tm,Lg,Pos,G,MP,PER,TS%,3PAr,FTr,ORB%,DRB%,TRB%,AST%,STL%,BLK%,TOV%,USG%,,OWS,DWS,WS,WS/48,,OBPM,DBPM,BPM,VORP
2019-20,20,BRK,NBA,C,15,187,14.8,.577,.146,.438,10.7,13.6,12.2,12.4,0.3,3.6,13.6,14.8,,0.3,0.2,0.5,.121,,-0.7,0.0,-0.6,0.1
Career,,,NBA,,15,187,14.8,.577,.146,.438,10.7,13.6,12.2,12.4,0.3,3.6,13.6,14.8,,0.3,0.2,0.5,.121,,-0.7,0.0,-0.6,0.1",undefined
KZ Okpala,"--- When using SR data, please cite us and provide a link and/or a mention.


 
Season,Age,Tm,Lg,Pos,G,MP,PER,TS%,3PAr,FTr,ORB%,DRB%,TRB%,AST%,STL%,BLK%,TOV%,USG%,,OWS,DWS,WS,WS/48,,OBPM,DBPM,BPM,VORP
2019-20,20,MIA,NBA,PF,5,26,13.7,.595,.200,.400,4.5,16.6,10.8,5.5,3.8,3.8,14.5,11.7,,0.0,0.0,0.1,.118,,-1.3,4.0,2.7,0.0
Career,,,NBA,,5,26,13.7,.595,.200,.400,4.5,16.6,10.8,5.5,3.8,3.8,14.5,11.7,,0.0,0.0,0.1,.118,,-1.3,4.0,2.7,0.0",undefined
Carsen Edwards,"--- When using SR data, please cite us and provide a link and/or a mention.


 
Season,Age,Tm,Lg,Pos,G,MP,PER,TS%,3PAr,FTr,ORB%,DRB%,TRB%,AST%,STL%,BLK%,TOV%,USG%,,OWS,DWS,WS,WS/48,,OBPM,DBPM,BPM,VORP
2019-20,21,BOS,NBA,SG,37,351,6.9,.444,.594,.148,1.9,12.4,7.2,9.3,1.7,1.1,9.9,18.4,,-0.3,0.4,0.1,.014,,-4.4,-0.2,-4.6,-0.2
Career,,,NBA,,37,351,6.9,.444,.594,.148,1.9,12.4,7.2,9.3,1.7,1.1,9.9,18.4,,-0.3,0.4,0.1,.014,,-4.4,-0.2,-4.6,-0.2",undefined
Bruno Fernando,"--- When using SR data, please cite us and provide a link and/or a mention.


 
Season,Age,Tm,Lg,Pos,G,MP,PER,TS%,3PAr,FTr,ORB%,DRB%,TRB%,AST%,STL%,BLK%,TOV%,USG%,,OWS,DWS,WS,WS/48,,OBPM,DBPM,BPM,VORP
2019-20,21,ATL,NBA,C,56,713,11.9,.542,.186,.256,10.0,20.0,15.0,9.9,1.2,2.0,15.9,15.3,,0.4,0.4,0.8,.055,,-3.2,-0.9,-4.1,-0.4
Career,,,NBA,,56,713,11.9,.542,.186,.256,10.0,20.0,15.0,9.9,1.2,2.0,15.9,15.3,,0.4,0.4,0.8,.055,,-3.2,-0.9,-4.1,-0.4",undefined
Bruno Fernando,,
Cody Martin,"--- When using SR data, please cite us and provide a link and/or a mention.


 
Season,Age,Tm,Lg,Pos,G,MP,PER,TS%,3PAr,FTr,ORB%,DRB%,TRB%,AST%,STL%,BLK%,TOV%,USG%,,OWS,DWS,WS,WS/48,,OBPM,DBPM,BPM,VORP
2019-20,24,CHO,NBA,SF,48,903,10.5,.505,.372,.314,4.4,15.1,9.6,15.7,2.2,0.9,15.7,13.6,,0.2,0.8,1.0,.052,,-3.1,1.0,-2.2,0.0
Career,,,NBA,,48,903,10.5,.505,.372,.314,4.4,15.1,9.6,15.7,2.2,0.9,15.7,13.6,,0.2,0.8,1.0,.052,,-3.1,1.0,-2.2,0.0",undefined
Cody Martin,,
Daniel Gafford,"--- When using SR data, please cite us and provide a link and/or a mention.


 
Season,Age,Tm,Lg,Pos,G,MP,PER,TS%,3PAr,FTr,ORB%,DRB%,TRB%,AST%,STL%,BLK%,TOV%,USG%,,OWS,DWS,WS,WS/48,,OBPM,DBPM,BPM,VORP
2019-20,21,CHI,NBA,C,43,609,16.2,.686,.000,.448,9.0,10.3,9.6,5.2,1.0,8.7,15.3,13.3,,1.1,0.8,1.9,.146,,-2.8,1.5,-1.3,0.1
Career,,,NBA,,43,609,16.2,.686,.000,.448,9.0,10.3,9.6,5.2,1.0,8.7,15.3,13.3,,1.1,0.8,1.9,.146,,-2.8,1.5,-1.3,0.1",undefined
Alen Smailagić,"--- When using SR data, please cite us and provide a link and/or a mention.


 
Season,Age,Tm,Lg,Pos,G,MP,PER,TS%,3PAr,FTr,ORB%,DRB%,TRB%,AST%,STL%,BLK%,TOV%,USG%,,OWS,DWS,WS,WS/48,,OBPM,DBPM,BPM,VORP
2019-20,19,GSW,NBA,C,14,139,14.5,.610,.325,.475,7.5,13.7,10.5,14.3,1.0,2.6,18.5,18.2,,0.2,0.1,0.2,.081,,-1.4,-0.8,-2.2,0.0
Career,,,NBA,,14,139,14.5,.610,.325,.475,7.5,13.7,10.5,14.3,1.0,2.6,18.5,18.2,,0.2,0.1,0.2,.081,,-1.4,-0.8,-2.2,0.0",undefined
Justin James,"--- When using SR data, please cite us and provide a link and/or a mention.


 
Season,Age,Tm,Lg,Pos,G,MP,PER,TS%,3PAr,FTr,ORB%,DRB%,TRB%,AST%,STL%,BLK%,TOV%,USG%,,OWS,DWS,WS,WS/48,,OBPM,DBPM,BPM,VORP
2019-20,23,SAC,NBA,SF,36,232,11.0,.477,.345,.250,2.8,12.9,7.8,11.2,1.3,3.7,7.9,18.9,,-0.1,0.2,0.1,.028,,-1.4,-0.1,-1.4,0.0
Career,,,NBA,,36,232,11.0,.477,.345,.250,2.8,12.9,7.8,11.2,1.3,3.7,7.9,18.9,,-0.1,0.2,0.1,.028,,-1.4,-0.1,-1.4,0.0",undefined
Eric Paschall,"--- When using SR data, please cite us and provide a link and/or a mention.


 
Season,Age,Tm,Lg,Pos,G,MP,PER,TS%,3PAr,FTr,ORB%,DRB%,TRB%,AST%,STL%,BLK%,TOV%,USG%,,OWS,DWS,WS,WS/48,,OBPM,DBPM,BPM,VORP
2019-20,23,GSW,NBA,PF,60,1654,14.5,.571,.202,.331,5.2,13.1,9.0,12.7,0.9,0.7,11.4,21.4,,1.6,0.5,2.1,.062,,-0.7,-2.0,-2.7,-0.3
Career,,,NBA,,60,1654,14.5,.571,.202,.331,5.2,13.1,9.0,12.7,0.9,0.7,11.4,21.4,,1.6,0.5,2.1,.062,,-0.7,-2.0,-2.7,-0.3",undefined
Admiral Schofield,"--- When using SR data, please cite us and provide a link and/or a mention.


 
Season,Age,Tm,Lg,Pos,G,MP,PER,TS%,3PAr,FTr,ORB%,DRB%,TRB%,AST%,STL%,BLK%,TOV%,USG%,,OWS,DWS,WS,WS/48,,OBPM,DBPM,BPM,VORP
2019-20,22,WAS,NBA,PF,33,368,6.1,.502,.663,.163,2.0,12.4,7.0,5.3,1.0,0.9,6.6,11.9,,0.1,0.1,0.1,.017,,-4.3,-1.2,-5.5,-0.3
Career,,,NBA,,33,368,6.1,.502,.663,.163,2.0,12.4,7.0,5.3,1.0,0.9,6.6,11.9,,0.1,0.1,0.1,.017,,-4.3,-1.2,-5.5,-0.3",undefined
Jaylen Nowell,"--- When using SR data, please cite us and provide a link and/or a mention.


 
Season,Age,Tm,Lg,Pos,G,MP,PER,TS%,3PAr,FTr,ORB%,DRB%,TRB%,AST%,STL%,BLK%,TOV%,USG%,,OWS,DWS,WS,WS/48,,OBPM,DBPM,BPM,VORP
2019-20,20,MIN,NBA,SG,15,151,10.5,.471,.491,.321,2.0,7.3,4.5,17.8,0.9,0.6,4.7,17.3,,0.1,0.0,0.2,.051,,-2.9,-0.8,-3.8,-0.1
Career,,,NBA,,15,151,10.5,.471,.491,.321,2.0,7.3,4.5,17.8,0.9,0.6,4.7,17.3,,0.1,0.0,0.2,.051,,-2.9,-0.8,-3.8,-0.1",undefined
Bol Bol,"--- When using SR data, please cite us and provide a link and/or a mention.


 
Season,Age,Tm,Lg,Pos,G,MP,PER,TS%,3PAr,FTr,ORB%,DRB%,TRB%,AST%,STL%,BLK%,TOV%,USG%,,OWS,DWS,WS,WS/48,,OBPM,DBPM,BPM,VORP
2019-20,20,DEN,NBA,PF,7,87,14.4,.617,.321,.357,6.4,18.0,12.2,9.8,1.1,6.4,23.6,21.2,,0.0,0.1,0.1,.063,,-2.1,-0.7,-2.9,0.0
Career,,,NBA,,7,87,14.4,.617,.321,.357,6.4,18.0,12.2,9.8,1.1,6.4,23.6,21.2,,0.0,0.1,0.1,.063,,-2.1,-0.7,-2.9,0.0",undefined
Isaiah Roby,"--- When using SR data, please cite us and provide a link and/or a mention.


 
Season,Age,Tm,Lg,Pos,G,MP,PER,TS%,3PAr,FTr,ORB%,DRB%,TRB%,AST%,STL%,BLK%,TOV%,USG%,,OWS,DWS,WS,WS/48,,OBPM,DBPM,BPM,VORP
2019-20,21,OKC,NBA,PF,3,11,-7.7,.000,.000,.000,0.0,19.5,10.0,0.0,0.0,0.0,50.0,8.0,,-0.1,0.0,0.0,-0.188,,-12.1,-3.4,-15.5,0.0
Career,,,NBA,,3,11,-7.7,.000,.000,.000,0.0,19.5,10.0,0.0,0.0,0.0,50.0,8.0,,-0.1,0.0,0.0,-0.188,,-12.1,-3.4,-15.5,0.0",undefined
Talen Horton-Tucker,"--- When using SR data, please cite us and provide a link and/or a mention.


 
Season,Age,Tm,Lg,Pos,G,MP,PER,TS%,3PAr,FTr,ORB%,DRB%,TRB%,AST%,STL%,BLK%,TOV%,USG%,,OWS,DWS,WS,WS/48,,OBPM,DBPM,BPM,VORP
2019-20,19,LAL,NBA,SG,6,81,12.3,.535,.433,.133,2.7,6.7,4.7,10.5,4.7,1.1,15.9,19.7,,0.0,0.2,0.1,.070,,-4.0,2.0,-2.1,0.0
Career,,,NBA,,6,81,12.3,.535,.433,.133,2.7,6.7,4.7,10.5,4.7,1.1,15.9,19.7,,0.0,0.2,0.1,.070,,-4.0,2.0,-2.1,0.0",undefined
Ignas Brazdeikis,"--- When using SR data, please cite us and provide a link and/or a mention.


 
Season,Age,Tm,Lg,Pos,G,MP,PER,TS%,3PAr,FTr,ORB%,DRB%,TRB%,AST%,STL%,BLK%,TOV%,USG%,,OWS,DWS,WS,WS/48,,OBPM,DBPM,BPM,VORP
2019-20,21,NYK,NBA,SF,9,53,3.2,.351,.409,.227,3.9,6.2,5.0,10.6,0.0,1.8,7.6,21.0,,-0.1,0.0,-0.1,-0.108,,-5.1,-3.9,-9.0,-0.1
Career,,,NBA,,9,53,3.2,.351,.409,.227,3.9,6.2,5.0,10.6,0.0,1.8,7.6,21.0,,-0.1,0.0,-0.1,-0.108,,-5.1,-3.9,-9.0,-0.1",undefined
Terance Mann,"--- When using SR data, please cite us and provide a link and/or a mention.


 
Season,Age,Tm,Lg,Pos,G,MP,PER,TS%,3PAr,FTr,ORB%,DRB%,TRB%,AST%,STL%,BLK%,TOV%,USG%,,OWS,DWS,WS,WS/48,,OBPM,DBPM,BPM,VORP
2019-20,23,LAC,NBA,SF,41,362,10.6,.545,.253,.342,2.9,12.6,7.9,19.3,1.4,1.2,16.5,12.6,,0.4,0.4,0.8,.106,,-2.8,1.2,-1.6,0.0
Career,,,NBA,,41,362,10.6,.545,.253,.342,2.9,12.6,7.9,19.3,1.4,1.2,16.5,12.6,,0.4,0.4,0.8,.106,,-2.8,1.2,-1.6,0.0",undefined
Quinndary Weatherspoon,"--- When using SR data, please cite us and provide a link and/or a mention.


 
Season,Age,Tm,Lg,Pos,G,MP,PER,TS%,3PAr,FTr,ORB%,DRB%,TRB%,AST%,STL%,BLK%,TOV%,USG%,,OWS,DWS,WS,WS/48,,OBPM,DBPM,BPM,VORP
2019-20,23,SAS,NBA,SG,11,78,3.2,.336,.294,.118,1.4,8.3,4.8,17.5,1.8,1.1,21.9,12.7,,-0.2,0.0,-0.1,-0.071,,-6.4,-1.0,-7.4,-0.1
Career,,,NBA,,11,78,3.2,.336,.294,.118,1.4,8.3,4.8,17.5,1.8,1.1,21.9,12.7,,-0.2,0.0,-0.1,-0.071,,-6.4,-1.0,-7.4,-0.1",undefined
Jarrell Brantley,"--- When using SR data, please cite us and provide a link and/or a mention.


 
Season,Age,Tm,Lg,Pos,G,MP,PER,TS%,3PAr,FTr,ORB%,DRB%,TRB%,AST%,STL%,BLK%,TOV%,USG%,,OWS,DWS,WS,WS/48,,OBPM,DBPM,BPM,VORP
2019-20,23,UTA,NBA,PF,9,96,8.0,.416,.464,.071,2.4,19.9,11.5,15.8,1.5,4.3,19.5,16.3,,-0.2,0.1,0.0,-0.006,,-5.3,0.7,-4.6,-0.1
Career,,,NBA,,9,96,8.0,.416,.464,.071,2.4,19.9,11.5,15.8,1.5,4.3,19.5,16.3,,-0.2,0.1,0.0,-0.006,,-5.3,0.7,-4.6,-0.1",undefined
Tremont Waters,"--- When using SR data, please cite us and provide a link and/or a mention.


 
Season,Age,Tm,Lg,Pos,G,MP,PER,TS%,3PAr,FTr,ORB%,DRB%,TRB%,AST%,STL%,BLK%,TOV%,USG%,,OWS,DWS,WS,WS/48,,OBPM,DBPM,BPM,VORP
2019-20,22,BOS,NBA,PG,11,119,4.3,.381,.490,.163,0.0,10.7,5.4,18.3,4.1,1.6,22.2,24.2,,-0.5,0.2,-0.3,-0.103,,-8.5,1.0,-7.5,-0.2
Career,,,NBA,,11,119,4.3,.381,.490,.163,0.0,10.7,5.4,18.3,4.1,1.6,22.2,24.2,,-0.5,0.2,-0.3,-0.103,,-8.5,1.0,-7.5,-0.2",undefined
Jalen McDaniels,"--- When using SR data, please cite us and provide a link and/or a mention.


 
Season,Age,Tm,Lg,Pos,G,MP,PER,TS%,3PAr,FTr,ORB%,DRB%,TRB%,AST%,STL%,BLK%,TOV%,USG%,,OWS,DWS,WS,WS/48,,OBPM,DBPM,BPM,VORP
2019-20,22,CHO,NBA,SF,16,293,10.7,.574,.343,.243,5.4,19.4,12.1,6.8,1.4,0.9,12.4,13.3,,0.2,0.2,0.5,.078,,-3.4,0.1,-3.3,-0.1
Career,,,NBA,,16,293,10.7,.574,.343,.243,5.4,19.4,12.1,6.8,1.4,0.9,12.4,13.3,,0.2,0.2,0.5,.078,,-3.4,0.1,-3.3,-0.1",undefined
Justin Wright-Foreman,"--- When using SR data, please cite us and provide a link and/or a mention.


 
Season,Age,Tm,Lg,Pos,G,MP,PER,TS%,3PAr,FTr,ORB%,DRB%,TRB%,AST%,STL%,BLK%,TOV%,USG%,,OWS,DWS,WS,WS/48,,OBPM,DBPM,BPM,VORP
2019-20,22,UTA,NBA,PG,4,45,8.8,.437,.500,.200,0.0,11.8,6.1,23.0,2.2,0.0,12.1,24.1,,-0.1,0.1,0.0,-0.008,,-7.0,-2.0,-9.0,-0.1
Career,,,NBA,,4,45,8.8,.437,.500,.200,0.0,11.8,6.1,23.0,2.2,0.0,12.1,24.1,,-0.1,0.1,0.0,-0.008,,-7.0,-2.0,-9.0,-0.1",undefined
Marial Shayok,"--- When using SR data, please cite us and provide a link and/or a mention.


 
Season,Age,Tm,Lg,Pos,G,MP,PER,TS%,3PAr,FTr,ORB%,DRB%,TRB%,AST%,STL%,BLK%,TOV%,USG%,,OWS,DWS,WS,WS/48,,OBPM,DBPM,BPM,VORP
2019-20,24,PHI,NBA,SG,4,28,1.4,.400,.500,.333,3.9,23.7,13.8,4.8,0.0,3.0,17.9,25.8,,-0.1,0.0,-0.1,-0.130,,-9.3,-3.7,-13.0,-0.1
Career,,,NBA,,4,28,1.4,.400,.500,.333,3.9,23.7,13.8,4.8,0.0,3.0,17.9,25.8,,-0.1,0.0,-0.1,-0.130,,-9.3,-3.7,-13.0,-0.1",undefined
Kyle Guy,"--- When using SR data, please cite us and provide a link and/or a mention.


 
Season,Age,Tm,Lg,Pos,G,MP,PER,TS%,3PAr,FTr,ORB%,DRB%,TRB%,AST%,STL%,BLK%,TOV%,USG%,,OWS,DWS,WS,WS/48,,OBPM,DBPM,BPM,VORP
2019-20,22,SAC,NBA,SG,3,10,6.6,.400,.600,.000,0.0,11.5,5.6,15.6,0.0,0.0,0.0,21.7,,0.0,0.0,0.0,-0.045,,-7.5,-4.8,-12.3,0.0
Career,,,NBA,,3,10,6.6,.400,.600,.000,0.0,11.5,5.6,15.6,0.0,0.0,0.0,21.7,,0.0,0.0,0.0,-0.045,,-7.5,-4.8,-12.3,0.0",undefined
Kyle Guy,,
Jordan Bone,"--- When using SR data, please cite us and provide a link and/or a mention.


 
Season,Age,Tm,Lg,Pos,G,MP,PER,TS%,3PAr,FTr,ORB%,DRB%,TRB%,AST%,STL%,BLK%,TOV%,USG%,,OWS,DWS,WS,WS/48,,OBPM,DBPM,BPM,VORP
2019-20,22,DET,NBA,PG,10,53,0.8,.300,.500,.000,0.0,8.7,4.3,21.0,0.9,0.0,9.1,18.1,,-0.1,0.0,-0.1,-0.117,,-9.1,-2.8,-11.9,-0.1
Career,,,NBA,,10,53,0.8,.300,.500,.000,0.0,8.7,4.3,21.0,0.9,0.0,9.1,18.1,,-0.1,0.0,-0.1,-0.117,,-9.1,-2.8,-11.9,-0.1",undefined
Miye Oni,"--- When using SR data, please cite us and provide a link and/or a mention.


 
Season,Age,Tm,Lg,Pos,G,MP,PER,TS%,3PAr,FTr,ORB%,DRB%,TRB%,AST%,STL%,BLK%,TOV%,USG%,,OWS,DWS,WS,WS/48,,OBPM,DBPM,BPM,VORP
2019-20,22,UTA,NBA,SF,10,109,9.7,.512,.594,.156,5.2,11.7,8.6,5.1,1.8,1.5,10.5,15.3,,0.0,0.1,0.1,.063,,-3.2,-1.0,-4.3,-0.1
Career,,,NBA,,10,109,9.7,.512,.594,.156,5.2,11.7,8.6,5.1,1.8,1.5,10.5,15.3,,0.0,0.1,0.1,.063,,-3.2,-1.0,-4.3,-0.1",undefined
Dewan Hernandez,"--- When using SR data, please cite us and provide a link and/or a mention.


 
Season,Age,Tm,Lg,Pos,G,MP,PER,TS%,3PAr,FTr,ORB%,DRB%,TRB%,AST%,STL%,BLK%,TOV%,USG%,,OWS,DWS,WS,WS/48,,OBPM,DBPM,BPM,VORP
2019-20,23,TOR,NBA,C,6,28,12.9,.432,.143,.357,19.3,33.2,26.4,16.4,1.7,0.0,15.6,29.3,,0.0,0.1,0.0,.043,,-6.6,-3.0,-9.6,-0.1
Career,,,NBA,,6,28,12.9,.432,.143,.357,19.3,33.2,26.4,16.4,1.7,0.0,15.6,29.3,,0.0,0.1,0.0,.043,,-6.6,-3.0,-9.6,-0.1",undefined
Dewan Hernandez,,
Deandre Ayton,"--- When using SR data, please cite us and provide a link and/or a mention.


 
Season,Age,Tm,Lg,Pos,G,MP,PER,TS%,3PAr,FTr,ORB%,DRB%,TRB%,AST%,STL%,BLK%,TOV%,USG%,,OWS,DWS,WS,WS/48,,OBPM,DBPM,BPM,VORP
2018-19,20,PHO,NBA,C,71,2183,20.5,.608,.005,.217,11.1,26.1,18.5,9.6,1.3,2.6,11.7,21.2,,4.1,1.7,5.8,.128,,1.3,-1.1,0.2,1.2
2019-20,21,PHO,NBA,C,38,1236,20.0,.568,.023,.157,13.0,26.3,19.6,9.7,1.0,4.1,11.6,23.7,,1.5,1.6,3.1,.121,,0.8,-0.4,0.4,0.7
Career,,,NBA,,109,3419,20.3,.593,.012,.193,11.8,26.2,18.9,9.6,1.2,3.1,11.7,22.1,,5.6,3.3,9.0,.126,,1.1,-0.8,0.3,2.0",undefined
Marvin Bagley III,"--- When using SR data, please cite us and provide a link and/or a mention.


 
Season,Age,Tm,Lg,Pos,G,MP,PER,TS%,3PAr,FTr,ORB%,DRB%,TRB%,AST%,STL%,BLK%,TOV%,USG%,,OWS,DWS,WS,WS/48,,OBPM,DBPM,BPM,VORP
2018-19,19,SAC,NBA,PF,62,1567,18.9,.562,.136,.371,10.4,20.8,15.5,5.9,1.0,3.2,10.7,24.2,,2.0,1.6,3.6,.110,,0.5,-1.5,-1.0,0.4
2019-20,20,SAC,NBA,C,13,334,15.6,.512,.132,.186,9.5,23.5,16.3,4.9,0.9,3.4,9.1,25.8,,0.0,0.3,0.4,.051,,-2.2,-1.3,-3.5,-0.1
Career,,,NBA,,75,1901,18.3,.553,.135,.336,10.3,21.3,15.6,5.7,1.0,3.3,10.4,24.5,,2.0,2.0,4.0,.100,,0.0,-1.5,-1.4,0.3",undefined
Luka Dončić,"--- When using SR data, please cite us and provide a link and/or a mention.


 
Season,Age,Tm,Lg,Pos,G,MP,PER,TS%,3PAr,FTr,ORB%,DRB%,TRB%,AST%,STL%,BLK%,TOV%,USG%,,OWS,DWS,WS,WS/48,,OBPM,DBPM,BPM,VORP
2018-19,19,DAL,NBA,SG,72,2318,19.6,.545,.433,.409,4.0,21.9,13.0,31.6,1.6,0.9,15.0,30.5,,2.1,2.8,4.9,.101,,3.6,0.3,3.9,3.4
2019-20,20,DAL,NBA,PG,61,2047,27.6,.585,.431,.448,4.1,25.0,14.7,45.7,1.5,0.6,14.8,36.8,,6.5,2.3,8.8,.207,,7.4,1.0,8.4,5.4
Career,,,NBA,,133,4365,23.3,.566,.432,.429,4.0,23.4,13.8,38.2,1.5,0.8,14.9,33.5,,8.6,5.1,13.7,.151,,5.4,0.6,6.0,8.8",undefined
Jaren Jackson Jr.,"--- When using SR data, please cite us and provide a link and/or a mention.


 
Season,Age,Tm,Lg,Pos,G,MP,PER,TS%,3PAr,FTr,ORB%,DRB%,TRB%,AST%,STL%,BLK%,TOV%,USG%,,OWS,DWS,WS,WS/48,,OBPM,DBPM,BPM,VORP
2018-19,19,MEM,NBA,PF,58,1515,16.4,.591,.241,.334,5.3,15.0,10.1,7.2,1.7,5.1,12.7,22.8,,1.2,2.2,3.3,.105,,-1.2,1.0,-0.3,0.7
2019-20,20,MEM,NBA,C,57,1622,16.3,.593,.489,.247,3.6,13.2,8.5,7.2,1.2,5.0,10.6,24.0,,1.6,1.8,3.5,.103,,0.3,0.1,0.4,1.0
Career,,,NBA,,115,3137,16.3,.592,.380,.285,4.4,14.1,9.3,7.2,1.4,5.0,11.5,23.4,,2.8,4.0,6.8,.104,,-0.4,0.5,0.1,1.7",undefined
Trae Young,"--- When using SR data, please cite us and provide a link and/or a mention.


 
Season,Age,Tm,Lg,Pos,G,MP,PER,TS%,3PAr,FTr,ORB%,DRB%,TRB%,AST%,STL%,BLK%,TOV%,USG%,,OWS,DWS,WS,WS/48,,OBPM,DBPM,BPM,VORP
2018-19,20,ATL,NBA,PG,81,2503,17.0,.539,.384,.330,2.6,10.2,6.3,40.5,1.3,0.5,17.6,28.4,,2.5,0.7,3.3,.062,,2.3,-2.8,-0.6,0.9
2019-20,21,ATL,NBA,PG,60,2120,23.9,.595,.455,.448,1.6,11.5,6.5,45.6,1.4,0.3,16.2,34.9,,5.3,0.6,5.9,.133,,6.2,-2.3,3.9,3.1
Career,,,NBA,,141,4623,20.2,.567,.419,.388,2.2,10.8,6.4,42.8,1.4,0.4,16.9,31.4,,7.8,1.3,9.1,.095,,4.1,-2.6,1.5,4.0",undefined
Mo Bamba,"--- When using SR data, please cite us and provide a link and/or a mention.


 
Season,Age,Tm,Lg,Pos,G,MP,PER,TS%,3PAr,FTr,ORB%,DRB%,TRB%,AST%,STL%,BLK%,TOV%,USG%,,OWS,DWS,WS,WS/48,,OBPM,DBPM,BPM,VORP
2018-19,20,ORL,NBA,C,47,766,14.9,.539,.288,.259,8.8,24.0,16.3,7.4,0.8,7.0,13.7,17.8,,0.3,1.4,1.7,.106,,-2.8,1.4,-1.4,0.1
2019-20,21,ORL,NBA,C,62,878,17.5,.542,.374,.161,11.9,25.6,18.5,7.2,1.3,8.8,12.1,17.1,,0.8,1.7,2.5,.135,,-1.2,1.6,0.4,0.5
Career,,,NBA,,109,1644,16.3,.541,.335,.206,10.5,24.8,17.5,7.3,1.1,8.0,12.8,17.5,,1.1,3.1,4.2,.121,,-1.9,1.5,-0.4,0.7",undefined
Wendell Carter Jr.,"--- When using SR data, please cite us and provide a link and/or a mention.


 
Season,Age,Tm,Lg,Pos,G,MP,PER,TS%,3PAr,FTr,ORB%,DRB%,TRB%,AST%,STL%,BLK%,TOV%,USG%,,OWS,DWS,WS,WS/48,,OBPM,DBPM,BPM,VORP
2018-19,19,CHI,NBA,C,44,1110,15.2,.541,.086,.302,8.4,21.8,15.0,10.7,1.1,4.5,13.4,19.1,,0.7,1.2,1.9,.080,,-2.2,0.6,-1.6,0.1
2019-20,20,CHI,NBA,C,43,1256,15.5,.590,.085,.443,11.6,24.6,17.8,6.0,1.3,2.7,14.9,16.4,,1.7,1.6,3.3,.127,,-2.1,-0.3,-2.4,-0.1
Career,,,NBA,,87,2366,15.4,.566,.085,.370,10.1,23.3,16.5,8.2,1.2,3.6,14.2,17.6,,2.4,2.8,5.2,.105,,-2.1,0.1,-2.0,0.0",undefined
Collin Sexton,"--- When using SR data, please cite us and provide a link and/or a mention.


 
Season,Age,Tm,Lg,Pos,G,MP,PER,TS%,3PAr,FTr,ORB%,DRB%,TRB%,AST%,STL%,BLK%,TOV%,USG%,,OWS,DWS,WS,WS/48,,OBPM,DBPM,BPM,VORP
2018-19,20,CLE,NBA,PG,82,2605,12.0,.520,.245,.211,2.3,8.0,5.0,15.3,0.8,0.2,12.3,25.2,,-0.1,-0.5,-0.6,-0.011,,-1.4,-3.3,-4.7,-1.8
2019-20,21,CLE,NBA,PG,65,2143,16.3,.560,.235,.246,3.1,7.5,5.3,15.1,1.5,0.3,11.6,27.2,,2.1,0.4,2.5,.057,,0.3,-2.1,-1.8,0.1
Career,,,NBA,,147,4748,14.0,.539,.240,.228,2.7,7.8,5.1,15.2,1.1,0.2,12.0,26.1,,2.1,-0.2,1.9,.019,,-0.7,-2.7,-3.4,-1.7",undefined
Kevin Knox,"--- When using SR data, please cite us and provide a link and/or a mention.


 
Season,Age,Tm,Lg,Pos,G,MP,PER,TS%,3PAr,FTr,ORB%,DRB%,TRB%,AST%,STL%,BLK%,TOV%,USG%,,OWS,DWS,WS,WS/48,,OBPM,DBPM,BPM,VORP
2018-19,19,NYK,NBA,PF,75,2158,8.7,.475,.398,.247,2.9,13.6,8.1,6.0,1.0,0.9,10.1,22.3,,-2.2,0.9,-1.3,-0.030,,-3.4,-2.3,-5.7,-2.0
2019-20,20,NYK,NBA,SF,65,1166,8.3,.470,.496,.252,2.5,14.7,8.4,7.4,1.0,2.3,9.2,17.8,,-0.5,0.7,0.2,.007,,-3.1,-1.1,-4.2,-0.7
Career,,,NBA,,140,3324,8.6,.474,.428,.249,2.7,14.0,8.2,6.5,1.0,1.4,9.8,20.8,,-2.8,1.6,-1.2,-0.017,,-3.3,-1.9,-5.2,-2.7",undefined
Mikal Bridges,"--- When using SR data, please cite us and provide a link and/or a mention.


 
Season,Age,Tm,Lg,Pos,G,MP,PER,TS%,3PAr,FTr,ORB%,DRB%,TRB%,AST%,STL%,BLK%,TOV%,USG%,,OWS,DWS,WS,WS/48,,OBPM,DBPM,BPM,VORP
2018-19,22,PHO,NBA,SF,82,2417,10.8,.556,.556,.210,2.5,9.7,6.0,9.8,2.5,1.3,10.2,12.2,,1.7,1.2,2.9,.058,,-2.0,0.4,-1.6,0.3
2019-20,23,PHO,NBA,SF,73,2042,12.9,.620,.401,.252,3.5,12.4,7.9,8.6,2.4,2.0,12.0,12.7,,2.5,2.3,4.8,.113,,-0.6,1.5,0.8,1.5
Career,,,NBA,,155,4459,11.8,.586,.484,.229,3.0,10.9,6.9,9.3,2.5,1.6,11.0,12.4,,4.3,3.4,7.7,.083,,-1.4,0.9,-0.5,1.7",undefined
Shai Gilgeous-Alexander,"--- When using SR data, please cite us and provide a link and/or a mention.


 
Season,Age,Tm,Lg,Pos,G,MP,PER,TS%,3PAr,FTr,ORB%,DRB%,TRB%,AST%,STL%,BLK%,TOV%,USG%,,OWS,DWS,WS,WS/48,,OBPM,DBPM,BPM,VORP
2018-19,20,LAC,NBA,PG,82,2174,13.4,.554,.194,.272,2.9,8.3,5.7,17.8,2.1,1.6,15.0,18.3,,1.5,1.9,3.3,.074,,-0.9,0.4,-0.5,0.8
2019-20,21,OKC,NBA,SG,70,2428,17.7,.568,.247,.352,2.2,16.1,9.4,15.2,1.6,1.7,10.3,23.7,,3.1,3.0,6.1,.121,,1.3,0.4,1.7,2.2
Career,,,NBA,,152,4602,15.7,.562,.225,.319,2.5,12.4,7.6,16.4,1.8,1.7,12.2,21.1,,4.6,4.9,9.5,.099,,0.3,0.4,0.7,3.1
,,,,,,,,,,,,,,,,,,,,,,,,,,,,
1 season,,LAC,NBA,,82,2174,13.4,.554,.194,.272,2.9,8.3,5.7,17.8,2.1,1.6,15.0,18.3,,1.5,1.9,3.3,.074,,-0.9,0.4,-0.5,0.8
1 season,,OKC,NBA,,70,2428,17.7,.568,.247,.352,2.2,16.1,9.4,15.2,1.6,1.7,10.3,23.7,,3.1,3.0,6.1,.121,,1.3,0.4,1.7,2.2",undefined
Miles Bridges,"--- When using SR data, please cite us and provide a link and/or a mention.


 
Season,Age,Tm,Lg,Pos,G,MP,PER,TS%,3PAr,FTr,ORB%,DRB%,TRB%,AST%,STL%,BLK%,TOV%,USG%,,OWS,DWS,WS,WS/48,,OBPM,DBPM,BPM,VORP
2018-19,20,CHO,NBA,SF,80,1696,13.1,.548,.391,.151,4.2,16.6,10.3,8.1,1.6,2.5,8.4,15.1,,1.4,1.5,2.9,.083,,-0.9,0.1,-0.8,0.5
2019-20,21,CHO,NBA,SF,65,1995,12.1,.520,.398,.174,4.6,15.6,9.9,9.4,1.0,2.2,10.5,20.0,,0.3,1.3,1.6,.039,,-1.5,-1.0,-2.5,-0.3
Career,,,NBA,,145,3691,12.6,.531,.396,.165,4.4,16.1,10.1,8.8,1.3,2.4,9.7,17.8,,1.7,2.8,4.5,.059,,-1.2,-0.5,-1.7,0.3",undefined
Jerome Robinson,"--- When using SR data, please cite us and provide a link and/or a mention.


 
Season,Age,Tm,Lg,Pos,G,MP,PER,TS%,3PAr,FTr,ORB%,DRB%,TRB%,AST%,STL%,BLK%,TOV%,USG%,,OWS,DWS,WS,WS/48,,OBPM,DBPM,BPM,VORP
2018-19,21,LAC,NBA,SG,33,320,7.2,.491,.518,.082,1.0,12.2,6.8,8.3,1.6,0.7,10.2,16.7,,-0.2,0.3,0.1,.012,,-4.2,-0.5,-4.7,-0.2
2019-20,22,TOT,NBA,SG,63,979,7.4,.476,.494,.184,1.4,12.8,7.0,11.9,1.3,1.5,12.8,16.4,,-0.6,0.8,0.2,.009,,-3.8,-0.2,-3.9,-0.5
2019-20,22,LAC,NBA,SG,42,476,4.8,.423,.493,.140,1.1,11.7,6.5,12.6,1.3,1.5,15.3,15.0,,-0.6,0.6,0.0,-0.004,,-5.3,0.6,-4.7,-0.3
2019-20,22,WAS,NBA,SG,21,503,9.8,.516,.494,.218,1.7,13.8,7.5,11.3,1.4,1.6,10.8,17.7,,0.0,0.2,0.2,.022,,-2.2,-0.9,-3.2,-0.1
Career,,,NBA,,96,1299,7.3,.480,.500,.157,1.3,12.6,7.0,11.0,1.4,1.3,12.1,16.5,,-0.7,1.0,0.3,.010,,-3.9,-0.2,-4.1,-0.7
,,,,,,,,,,,,,,,,,,,,,,,,,,,,
2 seasons,,LAC,NBA,,75,796,5.8,.453,.504,.114,1.1,11.9,6.6,10.9,1.4,1.2,13.1,15.7,,-0.8,0.8,0.0,.003,,-4.9,0.2,-4.7,-0.5
1 season,,WAS,NBA,,21,503,9.8,.516,.494,.218,1.7,13.8,7.5,11.3,1.4,1.6,10.8,17.7,,0.0,0.2,0.2,.022,,-2.2,-0.9,-3.2,-0.1",undefined
Michael Porter Jr.,"--- When using SR data, please cite us and provide a link and/or a mention.


 
Season,Age,Tm,Lg,Pos,G,MP,PER,TS%,3PAr,FTr,ORB%,DRB%,TRB%,AST%,STL%,BLK%,TOV%,USG%,,OWS,DWS,WS,WS/48,,OBPM,DBPM,BPM,VORP
2019-20,21,DEN,NBA,SF,55,903,19.8,.617,.384,.188,8.2,23.9,16.1,7.9,1.5,2.6,10.6,22.3,,1.8,1.1,2.9,.154,,2.4,-0.8,1.5,0.8
Career,,,NBA,,55,903,19.8,.617,.384,.188,8.2,23.9,16.1,7.9,1.5,2.6,10.6,22.3,,1.8,1.1,2.9,.154,,2.4,-0.8,1.5,0.8",undefined
Troy Brown Jr.,"--- When using SR data, please cite us and provide a link and/or a mention.


 
Season,Age,Tm,Lg,Pos,G,MP,PER,TS%,3PAr,FTr,ORB%,DRB%,TRB%,AST%,STL%,BLK%,TOV%,USG%,,OWS,DWS,WS,WS/48,,OBPM,DBPM,BPM,VORP
2018-19,19,WAS,NBA,SF,52,730,11.1,.487,.295,.201,5.1,16.6,10.8,14.9,1.4,0.6,10.5,16.5,,0.2,0.4,0.6,.039,,-1.7,-1.0,-2.7,-0.1
2019-20,20,WAS,NBA,SF,69,1782,13.7,.524,.288,.223,4.5,19.6,11.7,14.1,2.2,0.3,10.4,17.8,,1.3,1.2,2.4,.065,,-0.8,-0.4,-1.3,0.3
Career,,,NBA,,121,2512,12.9,.514,.290,.217,4.7,18.7,11.5,14.3,2.0,0.4,10.4,17.4,,1.5,1.5,3.0,.058,,-1.1,-0.6,-1.7,0.2",undefined
Zhaire Smith,"--- When using SR data, please cite us and provide a link and/or a mention.


 
Season,Age,Tm,Lg,Pos,G,MP,PER,TS%,3PAr,FTr,ORB%,DRB%,TRB%,AST%,STL%,BLK%,TOV%,USG%,,OWS,DWS,WS,WS/48,,OBPM,DBPM,BPM,VORP
2018-19,19,PHI,NBA,SG,6,111,9.5,.533,.471,.235,2.9,9.3,6.2,12.3,0.9,1.4,13.8,16.4,,0.0,0.1,0.1,.048,,-2.8,-2.2,-5.0,-0.1
2019-20,20,PHI,NBA,SF,7,32,1.1,.313,.273,.364,0.0,6.9,3.5,8.2,4.5,0.0,13.6,19.9,,-0.1,0.1,-0.1,-0.120,,-10.8,0.8,-10.0,-0.1
Career,,,NBA,,13,143,7.6,.477,.422,.267,2.3,8.7,5.6,11.4,1.7,1.1,13.7,17.2,,-0.1,0.1,0.0,.011,,-4.6,-1.6,-6.1,-0.2",undefined
Donte DiVincenzo,"--- When using SR data, please cite us and provide a link and/or a mention.


 
Season,Age,Tm,Lg,Pos,G,MP,PER,TS%,3PAr,FTr,ORB%,DRB%,TRB%,AST%,STL%,BLK%,TOV%,USG%,,OWS,DWS,WS,WS/48,,OBPM,DBPM,BPM,VORP
2018-19,22,MIL,NBA,SG,27,411,9.1,.507,.669,.097,4.2,11.4,8.0,9.7,1.5,1.2,12.8,15.1,,0.0,0.6,0.6,.069,,-2.8,0.6,-2.2,0.0
2019-20,23,MIL,NBA,SG,66,1520,14.1,.557,.484,.169,4.6,15.5,10.3,13.6,2.6,1.2,14.1,17.3,,1.0,3.2,4.3,.135,,-1.1,2.4,1.3,1.3
Career,,,NBA,,93,1931,13.0,.547,.521,.155,4.5,14.6,9.9,12.8,2.3,1.2,13.9,16.8,,1.0,3.8,4.9,.121,,-1.4,2.0,0.6,1.3",undefined
Lonnie Walker,"--- When using SR data, please cite us and provide a link and/or a mention.


 
Season,Age,Tm,Lg,Pos,G,MP,PER,TS%,3PAr,FTr,ORB%,DRB%,TRB%,AST%,STL%,BLK%,TOV%,USG%,,OWS,DWS,WS,WS/48,,OBPM,DBPM,BPM,VORP
2018-19,20,SAS,NBA,SG,17,118,10.8,.446,.283,.217,0.0,15.6,7.9,10.3,2.9,2.2,7.4,20.3,,-0.1,0.2,0.0,.019,,-3.4,1.0,-2.4,0.0
2019-20,21,SAS,NBA,SG,61,988,10.5,.507,.283,.171,2.5,12.7,7.6,9.6,1.5,1.2,10.3,18.7,,-0.2,0.6,0.3,.016,,-2.5,-1.0,-3.5,-0.4
Career,,,NBA,,78,1106,10.5,.500,.283,.176,2.2,13.0,7.6,9.7,1.7,1.3,10.0,18.9,,-0.3,0.7,0.4,.016,,-2.6,-0.8,-3.4,-0.4",undefined
Kevin Huerter,"--- When using SR data, please cite us and provide a link and/or a mention.


 
Season,Age,Tm,Lg,Pos,G,MP,PER,TS%,3PAr,FTr,ORB%,DRB%,TRB%,AST%,STL%,BLK%,TOV%,USG%,,OWS,DWS,WS,WS/48,,OBPM,DBPM,BPM,VORP
2018-19,20,ATL,NBA,SG,75,2048,10.1,.533,.537,.085,3.0,9.7,6.3,14.5,1.5,1.1,13.8,15.7,,0.7,0.7,1.5,.034,,-1.6,-0.8,-2.4,-0.2
2019-20,21,ATL,NBA,SG,56,1760,11.5,.536,.548,.105,2.1,12.0,7.0,17.5,1.4,1.3,12.0,17.1,,1.0,0.6,1.6,.043,,-0.7,-0.9,-1.6,0.2
Career,,,NBA,,131,3808,10.8,.535,.542,.095,2.6,10.7,6.6,15.9,1.4,1.2,12.9,16.3,,1.7,1.3,3.0,.038,,-1.2,-0.8,-2.0,0.0",undefined
Josh Okogie,"--- When using SR data, please cite us and provide a link and/or a mention.


 
Season,Age,Tm,Lg,Pos,G,MP,PER,TS%,3PAr,FTr,ORB%,DRB%,TRB%,AST%,STL%,BLK%,TOV%,USG%,,OWS,DWS,WS,WS/48,,OBPM,DBPM,BPM,VORP
2018-19,20,MIN,NBA,SG,74,1757,9.4,.492,.423,.319,2.5,10.9,6.6,6.9,2.4,1.6,9.8,15.4,,-0.1,1.4,1.2,.034,,-3.5,0.4,-3.1,-0.5
2019-20,21,MIN,NBA,SG,62,1547,11.5,.553,.387,.480,5.7,12.8,9.1,8.9,2.0,1.4,15.3,15.1,,0.9,1.2,2.2,.068,,-2.4,0.0,-2.4,-0.2
Career,,,NBA,,136,3304,10.4,.520,.407,.390,4.0,11.8,7.8,7.8,2.2,1.5,12.4,15.3,,0.8,2.6,3.4,.050,,-3.0,0.2,-2.8,-0.6",undefined
Grayson Allen,"--- When using SR data, please cite us and provide a link and/or a mention.


 
Season,Age,Tm,Lg,Pos,G,MP,PER,TS%,3PAr,FTr,ORB%,DRB%,TRB%,AST%,STL%,BLK%,TOV%,USG%,,OWS,DWS,WS,WS/48,,OBPM,DBPM,BPM,VORP
2018-19,23,UTA,NBA,SG,38,416,7.5,.516,.556,.337,0.8,5.1,3.0,8.9,0.7,1.1,13.9,24.4,,-0.4,0.4,0.0,.002,,-4.2,-2.1,-6.3,-0.5
2019-20,24,MEM,NBA,SG,38,718,12.0,.609,.562,.179,1.2,11.1,6.2,10.0,0.7,0.2,10.9,17.6,,0.8,0.4,1.2,.082,,-0.1,-1.2,-1.3,0.1
Career,,,NBA,,76,1134,10.3,.569,.559,.245,1.0,8.9,5.0,9.6,0.7,0.6,12.2,20.1,,0.5,0.8,1.2,.053,,-1.6,-1.5,-3.2,-0.3
,,,,,,,,,,,,,,,,,,,,,,,,,,,,
1 season,,MEM,NBA,,38,718,12.0,.609,.562,.179,1.2,11.1,6.2,10.0,0.7,0.2,10.9,17.6,,0.8,0.4,1.2,.082,,-0.1,-1.2,-1.3,0.1
1 season,,UTA,NBA,,38,416,7.5,.516,.556,.337,0.8,5.1,3.0,8.9,0.7,1.1,13.9,24.4,,-0.4,0.4,0.0,.002,,-4.2,-2.1,-6.3,-0.5",undefined
Chandler Hutchison,"--- When using SR data, please cite us and provide a link and/or a mention.


 
Season,Age,Tm,Lg,Pos,G,MP,PER,TS%,3PAr,FTr,ORB%,DRB%,TRB%,AST%,STL%,BLK%,TOV%,USG%,,OWS,DWS,WS,WS/48,,OBPM,DBPM,BPM,VORP
2018-19,22,CHI,NBA,SF,44,895,8.8,.507,.239,.182,3.7,18.9,11.2,5.3,1.2,0.6,10.0,12.2,,0.0,0.6,0.6,.030,,-3.4,-0.5,-3.9,-0.4
2019-20,23,CHI,NBA,SF,28,527,12.4,.521,.217,.446,3.6,19.8,11.3,7.4,2.5,1.3,11.4,19.1,,0.0,0.7,0.7,.060,,-2.7,0.1,-2.6,-0.1
Career,,,NBA,,72,1422,10.1,.514,.229,.302,3.7,19.2,11.3,6.1,1.7,0.8,10.7,14.8,,-0.1,1.3,1.2,.041,,-3.1,-0.3,-3.4,-0.5",undefined
Aaron Holiday,"--- When using SR data, please cite us and provide a link and/or a mention.


 
Season,Age,Tm,Lg,Pos,G,MP,PER,TS%,3PAr,FTr,ORB%,DRB%,TRB%,AST%,STL%,BLK%,TOV%,USG%,,OWS,DWS,WS,WS/48,,OBPM,DBPM,BPM,VORP
2018-19,22,IND,NBA,PG,50,646,11.9,.518,.485,.191,0.9,10.4,5.8,19.3,1.6,1.8,12.3,21.9,,0.1,0.8,0.9,.065,,-1.7,0.1,-1.6,0.1
2019-20,23,IND,NBA,PG,66,1617,11.6,.521,.393,.155,1.5,9.0,5.3,19.1,1.7,0.9,12.8,18.7,,0.4,1.7,2.1,.063,,-1.6,0.0,-1.6,0.2
Career,,,NBA,,116,2263,11.7,.520,.422,.166,1.3,9.4,5.4,19.2,1.6,1.1,12.6,19.6,,0.5,2.5,3.0,.064,,-1.6,0.0,-1.6,0.2",undefined
Anfernee Simons,"--- When using SR data, please cite us and provide a link and/or a mention.


 
Season,Age,Tm,Lg,Pos,G,MP,PER,TS%,3PAr,FTr,ORB%,DRB%,TRB%,AST%,STL%,BLK%,TOV%,USG%,,OWS,DWS,WS,WS/48,,OBPM,DBPM,BPM,VORP
2018-19,19,POR,NBA,SG,20,141,11.1,.535,.460,.254,2.3,7.4,4.9,13.7,0.3,0.0,13.6,24.3,,0.0,0.0,0.1,.020,,-1.5,-3.7,-5.3,-0.1
2019-20,20,POR,NBA,SG,70,1449,9.0,.502,.422,.172,1.8,9.1,5.5,9.2,0.9,0.6,9.6,18.7,,0.0,0.1,0.2,.005,,-2.6,-1.9,-4.5,-0.9
Career,,,NBA,,90,1590,9.2,.506,.426,.180,1.9,8.9,5.4,9.6,0.8,0.5,10.0,19.2,,0.0,0.2,0.2,.007,,-2.5,-2.0,-4.6,-1.0",undefined
Moritz Wagner,"--- When using SR data, please cite us and provide a link and/or a mention.


 
Season,Age,Tm,Lg,Pos,G,MP,PER,TS%,3PAr,FTr,ORB%,DRB%,TRB%,AST%,STL%,BLK%,TOV%,USG%,,OWS,DWS,WS,WS/48,,OBPM,DBPM,BPM,VORP
2018-19,21,LAL,NBA,C,43,446,10.1,.533,.450,.310,4.0,15.4,9.8,7.4,1.1,2.4,16.7,21.7,,-0.3,0.5,0.2,.020,,-3.9,-0.4,-4.3,-0.3
2019-20,22,WAS,NBA,C,45,835,15.1,.638,.301,.357,7.0,22.2,14.3,9.8,1.6,2.0,17.7,18.6,,1.1,0.6,1.7,.099,,-2.0,-0.3,-2.3,-0.1
Career,,,NBA,,88,1281,13.4,.597,.359,.339,6.0,19.9,12.8,8.9,1.4,2.1,17.3,19.7,,0.8,1.1,1.9,.072,,-2.7,-0.3,-3.0,-0.3
,,,,,,,,,,,,,,,,,,,,,,,,,,,,
1 season,,WAS,NBA,,45,835,15.1,.638,.301,.357,7.0,22.2,14.3,9.8,1.6,2.0,17.7,18.6,,1.1,0.6,1.7,.099,,-2.0,-0.3,-2.3,-0.1
1 season,,LAL,NBA,,43,446,10.1,.533,.450,.310,4.0,15.4,9.8,7.4,1.1,2.4,16.7,21.7,,-0.3,0.5,0.2,.020,,-3.9,-0.4,-4.3,-0.3",undefined
Landry Shamet,"--- When using SR data, please cite us and provide a link and/or a mention.


 
Season,Age,Tm,Lg,Pos,G,MP,PER,TS%,3PAr,FTr,ORB%,DRB%,TRB%,AST%,STL%,BLK%,TOV%,USG%,,OWS,DWS,WS,WS/48,,OBPM,DBPM,BPM,VORP
2018-19,21,TOT,NBA,SG,79,1802,11.0,.604,.711,.167,1.3,6.4,3.9,9.0,1.0,0.4,7.0,15.0,,2.7,0.9,3.6,.095,,-0.3,-1.3,-1.6,0.2
2018-19,21,PHI,NBA,SG,54,1108,10.7,.606,.706,.156,1.4,5.9,3.7,7.4,1.0,0.6,6.6,15.0,,1.6,0.6,2.2,.096,,-0.7,-1.1,-1.9,0.0
2018-19,21,LAC,NBA,SG,25,694,11.3,.601,.719,.186,1.1,7.3,4.3,11.5,0.9,0.2,7.7,15.0,,1.1,0.3,1.4,.094,,0.4,-1.6,-1.2,0.1
2019-20,22,LAC,NBA,SG,53,1452,8.5,.580,.757,.194,0.4,6.6,3.6,9.1,0.7,0.6,9.0,13.4,,1.5,1.1,2.6,.086,,-1.8,-0.3,-2.1,0.0
Career,,,NBA,,132,3254,9.9,.594,.730,.178,0.9,6.5,3.8,9.0,0.8,0.5,7.8,14.3,,4.1,2.0,6.2,.091,,-1.0,-0.9,-1.8,0.2
,,,,,,,,,,,,,,,,,,,,,,,,,,,,
2 seasons,,LAC,NBA,,78,2146,9.4,.587,.744,.191,0.7,6.8,3.8,9.8,0.7,0.5,8.6,13.9,,2.6,1.4,4.0,.089,,-1.1,-0.7,-1.8,0.1
1 season,,PHI,NBA,,54,1108,10.7,.606,.706,.156,1.4,5.9,3.7,7.4,1.0,0.6,6.6,15.0,,1.6,0.6,2.2,.096,,-0.7,-1.1,-1.9,0.0",undefined
Robert Williams,"--- When using SR data, please cite us and provide a link and/or a mention.


 
Season,Age,Tm,Lg,Pos,G,MP,PER,TS%,3PAr,FTr,ORB%,DRB%,TRB%,AST%,STL%,BLK%,TOV%,USG%,,OWS,DWS,WS,WS/48,,OBPM,DBPM,BPM,VORP
2018-19,21,BOS,NBA,C,32,283,18.8,.703,.000,.294,10.2,20.4,15.3,3.3,1.5,12.5,14.8,10.3,,0.5,0.6,1.2,.201,,-1.7,3.4,1.8,0.3
2019-20,22,BOS,NBA,C,29,388,23.1,.728,.000,.386,11.2,24.0,17.7,10.1,2.7,8.4,16.9,13.6,,1.1,1.0,2.0,.253,,0.8,4.3,5.1,0.7
Career,,,NBA,,61,671,21.3,.719,.000,.353,10.7,22.5,16.7,7.3,2.2,10.1,16.2,12.2,,1.6,1.6,3.2,.231,,-0.2,3.9,3.7,1.0",undefined
Jacob Evans,"--- When using SR data, please cite us and provide a link and/or a mention.


 
Season,Age,Tm,Lg,Pos,G,MP,PER,TS%,3PAr,FTr,ORB%,DRB%,TRB%,AST%,STL%,BLK%,TOV%,USG%,,OWS,DWS,WS,WS/48,,OBPM,DBPM,BPM,VORP
2018-19,21,GSW,NBA,SG,30,204,3.5,.374,.283,.019,3.3,9.5,6.5,13.7,1.2,1.2,17.1,13.5,,-0.3,0.2,-0.1,-0.030,,-6.9,-1.2,-8.2,-0.3
2019-20,22,TOT,NBA,SG,29,418,5.5,.436,.291,.216,2.3,8.6,5.3,10.8,1.3,2.6,14.6,17.5,,-0.7,0.2,-0.5,-0.056,,-5.8,-1.3,-7.1,-0.5
2019-20,22,GSW,NBA,SG,27,414,5.6,.439,.286,.218,2.3,8.7,5.4,10.9,1.3,2.6,14.6,17.6,,-0.6,0.2,-0.5,-0.054,,-5.7,-1.2,-7.0,-0.5
2019-20,22,MIN,NBA,SG,2,4,-9.6,.000,1.000,.000,0.0,0.0,0.0,0.0,0.0,0.0,0.0,10.3,,0.0,0.0,0.0,-0.263,,-10.5,-5.5,-16.1,0.0
Career,,,NBA,,59,622,4.8,.420,.289,.160,2.6,8.9,5.7,11.7,1.2,2.1,15.2,16.2,,-0.9,0.3,-0.6,-0.047,,-6.2,-1.3,-7.4,-0.8
,,,,,,,,,,,,,,,,,,,,,,,,,,,,
2 seasons,,GSW,NBA,,57,618,4.9,.422,.285,.161,2.6,9.0,5.8,11.8,1.2,2.2,15.3,16.3,,-0.9,0.3,-0.6,-0.046,,-6.1,-1.2,-7.4,-0.8
1 season,,MIN,NBA,,2,4,-9.6,.000,1.000,.000,0.0,0.0,0.0,0.0,0.0,0.0,0.0,10.3,,0.0,0.0,0.0,-0.263,,-10.5,-5.5,-16.1,0.0",undefined
Džanan Musa,"--- When using SR data, please cite us and provide a link and/or a mention.


 
Season,Age,Tm,Lg,Pos,G,MP,PER,TS%,3PAr,FTr,ORB%,DRB%,TRB%,AST%,STL%,BLK%,TOV%,USG%,,OWS,DWS,WS,WS/48,,OBPM,DBPM,BPM,VORP
2018-19,19,BRK,NBA,SG,9,39,5.8,.415,.455,.091,2.7,10.7,6.7,8.6,2.4,0.0,14.9,29.0,,-0.2,0.0,-0.1,-0.152,,-6.3,-0.9,-7.2,-0.1
2019-20,20,BRK,NBA,SF,40,487,9.4,.484,.453,.349,4.6,13.5,9.1,12.6,1.5,0.2,15.4,20.1,,-0.3,0.5,0.2,.016,,-3.5,-0.9,-4.4,-0.3
Career,,,NBA,,49,526,9.1,.477,.454,.320,4.4,13.3,9.0,12.3,1.5,0.2,15.3,20.8,,-0.5,0.5,0.0,.003,,-3.7,-0.9,-4.6,-0.4",undefined
Omari Spellman,"--- When using SR data, please cite us and provide a link and/or a mention.


 
Season,Age,Tm,Lg,Pos,G,MP,PER,TS%,3PAr,FTr,ORB%,DRB%,TRB%,AST%,STL%,BLK%,TOV%,USG%,,OWS,DWS,WS,WS/48,,OBPM,DBPM,BPM,VORP
2018-19,21,ATL,NBA,PF,46,805,12.4,.516,.525,.184,9.2,16.3,12.7,8.0,1.5,2.7,10.5,14.9,,0.6,0.5,1.2,.070,,-0.5,-0.7,-1.2,0.2
2019-20,22,GSW,NBA,C,49,886,14.4,.551,.373,.312,9.1,18.0,13.4,8.1,1.8,2.4,13.9,18.8,,0.5,0.7,1.2,.066,,-0.8,-1.0,-1.7,0.1
Career,,,NBA,,95,1691,13.4,.536,.442,.254,9.1,17.2,13.0,8.0,1.6,2.6,12.4,16.9,,1.1,1.3,2.4,.068,,-0.6,-0.8,-1.5,0.2
,,,,,,,,,,,,,,,,,,,,,,,,,,,,
1 season,,GSW,NBA,,49,886,14.4,.551,.373,.312,9.1,18.0,13.4,8.1,1.8,2.4,13.9,18.8,,0.5,0.7,1.2,.066,,-0.8,-1.0,-1.7,0.1
1 season,,ATL,NBA,,46,805,12.4,.516,.525,.184,9.2,16.3,12.7,8.0,1.5,2.7,10.5,14.9,,0.6,0.5,1.2,.070,,-0.5,-0.7,-1.2,0.2",undefined
Elie Okobo,"--- When using SR data, please cite us and provide a link and/or a mention.


 
Season,Age,Tm,Lg,Pos,G,MP,PER,TS%,3PAr,FTr,ORB%,DRB%,TRB%,AST%,STL%,BLK%,TOV%,USG%,,OWS,DWS,WS,WS/48,,OBPM,DBPM,BPM,VORP
2018-19,21,PHO,NBA,PG,53,958,7.6,.489,.455,.162,1.4,10.1,5.7,18.7,1.6,0.6,18.2,17.0,,-0.7,0.2,-0.5,-0.027,,-4.2,-1.5,-5.7,-0.9
2019-20,22,PHO,NBA,PG,55,719,10.6,.516,.392,.392,2.4,11.6,6.9,21.2,1.6,0.5,15.2,14.8,,0.5,0.5,1.0,.067,,-1.9,0.0,-1.9,0.0
Career,,,NBA,,108,1677,8.9,.500,.431,.251,1.8,10.7,6.2,19.8,1.6,0.6,17.0,16.1,,-0.3,0.7,0.5,.014,,-3.2,-0.9,-4.1,-0.9",undefined
Jevon Carter,"--- When using SR data, please cite us and provide a link and/or a mention.


 
Season,Age,Tm,Lg,Pos,G,MP,PER,TS%,3PAr,FTr,ORB%,DRB%,TRB%,AST%,STL%,BLK%,TOV%,USG%,,OWS,DWS,WS,WS/48,,OBPM,DBPM,BPM,VORP
2018-19,23,MEM,NBA,PG,39,577,7.8,.432,.551,.173,2.7,10.3,6.4,17.4,2.2,1.8,14.2,18.0,,-0.7,0.7,0.0,-0.003,,-4.1,0.1,-4.0,-0.3
2019-20,24,PHO,NBA,PG,58,945,11.3,.563,.601,.111,3.5,10.5,6.9,11.9,2.4,1.6,11.2,12.9,,0.8,1.0,1.8,.093,,-0.7,1.3,0.6,0.6
Career,,,NBA,,97,1522,10.0,.506,.579,.138,3.2,10.4,6.7,14.0,2.3,1.7,12.5,14.8,,0.2,1.6,1.8,.057,,-2.0,0.9,-1.1,0.3
,,,,,,,,,,,,,,,,,,,,,,,,,,,,
1 season,,PHO,NBA,,58,945,11.3,.563,.601,.111,3.5,10.5,6.9,11.9,2.4,1.6,11.2,12.9,,0.8,1.0,1.8,.093,,-0.7,1.3,0.6,0.6
1 season,,MEM,NBA,,39,577,7.8,.432,.551,.173,2.7,10.3,6.4,17.4,2.2,1.8,14.2,18.0,,-0.7,0.7,0.0,-0.003,,-4.1,0.1,-4.0,-0.3",undefined
Jalen Brunson,"--- When using SR data, please cite us and provide a link and/or a mention.


 
Season,Age,Tm,Lg,Pos,G,MP,PER,TS%,3PAr,FTr,ORB%,DRB%,TRB%,AST%,STL%,BLK%,TOV%,USG%,,OWS,DWS,WS,WS/48,,OBPM,DBPM,BPM,VORP
2018-19,22,DAL,NBA,PG,73,1591,12.8,.549,.320,.212,1.7,9.6,5.7,22.6,1.1,0.2,12.5,19.1,,1.5,1.0,2.6,.077,,-1.2,-0.5,-1.7,0.1
2019-20,23,DAL,NBA,PG,57,1022,14.9,.553,.309,.193,2.3,11.3,6.9,27.0,1.0,0.3,13.6,20.4,,1.6,0.6,2.1,.101,,0.1,-1.0,-0.9,0.3
Career,,,NBA,,130,2613,13.6,.551,.316,.205,1.9,10.3,6.2,24.3,1.1,0.3,12.9,19.6,,3.1,1.6,4.7,.086,,-0.7,-0.7,-1.4,0.4",undefined
Devonte' Graham,"--- When using SR data, please cite us and provide a link and/or a mention.


 
Season,Age,Tm,Lg,Pos,G,MP,PER,TS%,3PAr,FTr,ORB%,DRB%,TRB%,AST%,STL%,BLK%,TOV%,USG%,,OWS,DWS,WS,WS/48,,OBPM,DBPM,BPM,VORP
2018-19,23,CHO,NBA,PG,46,676,10.3,.459,.560,.213,1.6,8.6,5.0,24.8,1.7,0.3,11.3,17.0,,0.2,0.3,0.5,.035,,-2.6,-1.3,-4.0,-0.3
2019-20,24,CHO,NBA,PG,63,2211,15.8,.537,.607,.242,2.0,8.7,5.2,35.3,1.4,0.6,14.5,24.8,,2.4,0.9,3.4,.073,,2.5,-2.1,0.5,1.4
Career,,,NBA,,109,2887,14.5,.523,.599,.237,1.9,8.7,5.2,32.8,1.5,0.5,13.9,23.0,,2.6,1.3,3.8,.064,,1.3,-1.9,-0.6,1.0",undefined
Melvin Frazier,"--- When using SR data, please cite us and provide a link and/or a mention.


 
Season,Age,Tm,Lg,Pos,G,MP,PER,TS%,3PAr,FTr,ORB%,DRB%,TRB%,AST%,STL%,BLK%,TOV%,USG%,,OWS,DWS,WS,WS/48,,OBPM,DBPM,BPM,VORP
2018-19,22,ORL,NBA,SG,10,44,1.2,.330,.286,.190,7.2,4.9,6.1,3.3,1.1,0.0,4.2,23.5,,-0.2,0.0,-0.1,-0.133,,-11.3,-3.2,-14.5,-0.1
2019-20,23,ORL,NBA,SG,19,126,9.8,.559,.471,.118,1.7,7.1,4.3,3.4,3.5,1.4,12.3,14.0,,0.0,0.2,0.2,.057,,-3.5,1.2,-2.3,0.0
Career,,,NBA,,29,170,7.5,.470,.400,.145,3.1,6.5,4.7,3.4,2.9,1.1,9.3,16.4,,-0.2,0.2,0.0,.008,,-5.5,0.1,-5.4,-0.2",undefined
Mitchell Robinson,"--- When using SR data, please cite us and provide a link and/or a mention.


 
Season,Age,Tm,Lg,Pos,G,MP,PER,TS%,3PAr,FTr,ORB%,DRB%,TRB%,AST%,STL%,BLK%,TOV%,USG%,,OWS,DWS,WS,WS/48,,OBPM,DBPM,BPM,VORP
2018-19,20,NYK,NBA,C,66,1360,22.0,.692,.000,.464,13.3,19.4,16.3,4.2,1.8,10.0,9.1,12.1,,4.0,2.2,6.1,.217,,0.1,2.4,2.5,1.6
2019-20,21,NYK,NBA,C,61,1412,23.5,.726,.000,.434,13.7,18.8,16.2,3.9,1.8,8.0,8.3,13.3,,4.8,2.0,6.8,.230,,1.6,1.4,2.9,1.8
Career,,,NBA,,127,2772,22.8,.710,.000,.448,13.5,19.1,16.2,4.1,1.8,9.0,8.7,12.7,,8.8,4.1,12.9,.223,,0.8,1.9,2.7,3.3",undefined
Gary Trent Jr.,"--- When using SR data, please cite us and provide a link and/or a mention.


 
Season,Age,Tm,Lg,Pos,G,MP,PER,TS%,3PAr,FTr,ORB%,DRB%,TRB%,AST%,STL%,BLK%,TOV%,USG%,,OWS,DWS,WS,WS/48,,OBPM,DBPM,BPM,VORP
2018-19,20,POR,NBA,SG,15,111,3.6,.377,.420,.140,1.0,9.4,5.3,6.2,0.4,1.4,7.0,21.7,,-0.3,0.1,-0.2,-0.092,,-6.6,-4.2,-10.8,-0.2
2019-20,21,POR,NBA,SF,61,1332,12.9,.587,.608,.102,2.0,5.8,3.9,6.3,1.7,1.0,4.4,15.3,,2.2,0.3,2.5,.089,,0.5,-0.8,-0.3,0.6
Career,,,NBA,,76,1443,12.2,.565,.589,.106,1.9,6.1,4.0,6.3,1.6,1.1,4.6,15.8,,1.9,0.4,2.3,.075,,0.0,-1.1,-1.1,0.3",undefined
Khyri Thomas,"--- When using SR data, please cite us and provide a link and/or a mention.


 
Season,Age,Tm,Lg,Pos,G,MP,PER,TS%,3PAr,FTr,ORB%,DRB%,TRB%,AST%,STL%,BLK%,TOV%,USG%,,OWS,DWS,WS,WS/48,,OBPM,DBPM,BPM,VORP
2018-19,22,DET,NBA,SG,26,195,6.2,.413,.507,.159,2.2,9.3,5.6,6.0,1.8,2.2,5.1,17.2,,-0.2,0.2,0.0,.005,,-4.9,-0.1,-5.0,-0.2
2019-20,23,DET,NBA,SG,8,61,3.1,.453,.824,.235,1.8,0.0,0.9,6.7,2.4,0.0,13.8,15.6,,-0.1,0.0,0.0,-0.038,,-6.2,-1.7,-7.9,-0.1
Career,,,NBA,,34,256,5.4,.421,.570,.174,2.1,7.1,4.5,6.1,1.9,1.7,7.0,16.8,,-0.3,0.3,0.0,-0.005,,-5.2,-0.5,-5.7,-0.2",undefined
Isaac Bonga,"--- When using SR data, please cite us and provide a link and/or a mention.


 
Season,Age,Tm,Lg,Pos,G,MP,PER,TS%,3PAr,FTr,ORB%,DRB%,TRB%,AST%,STL%,BLK%,TOV%,USG%,,OWS,DWS,WS,WS/48,,OBPM,DBPM,BPM,VORP
2018-19,19,LAL,NBA,PG,22,120,6.0,.240,.242,.455,7.9,13.5,10.8,14.9,3.5,2.7,13.2,15.7,,-0.3,0.2,-0.1,-0.059,,-7.0,2.2,-4.8,-0.1
2019-20,20,WAS,NBA,SF,66,1250,10.2,.608,.303,.363,6.0,13.8,9.7,7.9,1.7,1.5,17.6,11.0,,1.2,0.6,1.8,.068,,-2.7,-0.1,-2.8,-0.3
Career,,,NBA,,88,1370,9.8,.561,.296,.375,6.1,13.7,9.8,8.5,1.8,1.6,17.1,11.4,,0.9,0.8,1.6,.057,,-3.1,0.1,-3.0,-0.3
,,,,,,,,,,,,,,,,,,,,,,,,,,,,
1 season,,WAS,NBA,,66,1250,10.2,.608,.303,.363,6.0,13.8,9.7,7.9,1.7,1.5,17.6,11.0,,1.2,0.6,1.8,.068,,-2.7,-0.1,-2.8,-0.3
1 season,,LAL,NBA,,22,120,6.0,.240,.242,.455,7.9,13.5,10.8,14.9,3.5,2.7,13.2,15.7,,-0.3,0.2,-0.1,-0.059,,-7.0,2.2,-4.8,-0.1",undefined
Rodions Kurucs,"--- When using SR data, please cite us and provide a link and/or a mention.


 
Season,Age,Tm,Lg,Pos,G,MP,PER,TS%,3PAr,FTr,ORB%,DRB%,TRB%,AST%,STL%,BLK%,TOV%,USG%,,OWS,DWS,WS,WS/48,,OBPM,DBPM,BPM,VORP
2018-19,20,BRK,NBA,SF,63,1294,11.0,.545,.410,.205,4.6,15.4,10.0,6.0,1.5,1.5,13.6,18.4,,0.1,1.5,1.6,.059,,-2.9,0.3,-2.6,-0.2
2019-20,21,BRK,NBA,PF,47,684,8.9,.555,.508,.215,3.9,16.6,10.4,10.4,1.7,0.6,19.2,14.7,,-0.1,0.8,0.8,.055,,-3.6,0.8,-2.8,-0.1
Career,,,NBA,,110,1978,10.2,.548,.438,.208,4.3,15.8,10.1,7.5,1.6,1.2,15.3,17.1,,0.0,2.4,2.4,.058,,-3.1,0.5,-2.7,-0.3",undefined
Jarred Vanderbilt,"--- When using SR data, please cite us and provide a link and/or a mention.


 
Season,Age,Tm,Lg,Pos,G,MP,PER,TS%,3PAr,FTr,ORB%,DRB%,TRB%,AST%,STL%,BLK%,TOV%,USG%,,OWS,DWS,WS,WS/48,,OBPM,DBPM,BPM,VORP
2018-19,19,DEN,NBA,PF,17,69,12.4,.513,.053,.526,10.9,25.2,18.0,5.9,4.3,1.3,25.5,19.4,,-0.1,0.1,0.1,.037,,-5.2,1.0,-4.2,0.0
2019-20,20,TOT,NBA,PF,11,46,7.6,.676,.125,.250,7.3,14.5,10.9,5.9,3.2,2.0,44.1,14.9,,-0.1,0.1,0.0,-0.026,,-6.6,0.5,-6.0,-0.1
2019-20,20,DEN,NBA,PF,9,41,7.2,.714,.000,.000,8.2,13.6,10.9,6.6,3.6,2.3,50.0,14.8,,-0.1,0.1,0.0,-0.042,,-7.0,0.9,-6.1,0.0
2019-20,20,MIN,NBA,PF,2,5,11.1,.532,1.000,2.000,0.0,21.9,10.6,0.0,0.0,0.0,0.0,15.5,,0.0,0.0,0.0,.104,,-2.8,-2.8,-5.6,0.0
Career,,,NBA,,28,115,10.4,.558,.074,.444,9.5,20.9,15.2,5.9,3.9,1.6,31.7,17.6,,-0.2,0.2,0.0,.012,,-5.7,0.8,-4.9,-0.1
,,,,,,,,,,,,,,,,,,,,,,,,,,,,
2 seasons,,DEN,NBA,,26,110,10.4,.559,.038,.385,9.9,20.9,15.4,6.1,4.0,1.6,33.0,17.7,,-0.2,0.2,0.0,.008,,-5.9,0.9,-4.9,-0.1
1 season,,MIN,NBA,,2,5,11.1,.532,1.000,2.000,0.0,21.9,10.6,0.0,0.0,0.0,0.0,15.5,,0.0,0.0,0.0,.104,,-2.8,-2.8,-5.6,0.0",undefined
Bruce Brown,"--- When using SR data, please cite us and provide a link and/or a mention.


 
Season,Age,Tm,Lg,Pos,G,MP,PER,TS%,3PAr,FTr,ORB%,DRB%,TRB%,AST%,STL%,BLK%,TOV%,USG%,,OWS,DWS,WS,WS/48,,OBPM,DBPM,BPM,VORP
2018-19,22,DET,NBA,SG,74,1449,6.9,.469,.296,.191,3.5,10.7,7.0,8.8,1.4,2.1,11.9,11.5,,-0.1,1.6,1.5,.048,,-4.4,1.0,-3.3,-0.5
2019-20,23,DET,NBA,PG,58,1634,11.9,.518,.215,.266,4.2,15.0,9.5,20.4,1.9,1.5,16.7,16.0,,0.7,1.4,2.1,.062,,-2.0,0.8,-1.2,0.3
Career,,,NBA,,132,3083,9.6,.498,.248,.235,3.9,13.0,8.3,14.9,1.6,1.8,14.8,13.9,,0.6,3.0,3.6,.056,,-3.1,0.9,-2.2,-0.2",undefined
Bruce Brown,,
Bruce Brown,,
Hamidou Diallo,"--- When using SR data, please cite us and provide a link and/or a mention.


 
Season,Age,Tm,Lg,Pos,G,MP,PER,TS%,3PAr,FTr,ORB%,DRB%,TRB%,AST%,STL%,BLK%,TOV%,USG%,,OWS,DWS,WS,WS/48,,OBPM,DBPM,BPM,VORP
2018-19,20,OKC,NBA,SG,51,526,10.1,.497,.145,.358,7.2,12.0,9.5,4.4,1.9,1.6,10.7,16.6,,0.1,0.7,0.8,.069,,-4.4,0.2,-4.2,-0.3
2019-20,21,OKC,NBA,SF,46,896,9.3,.491,.193,.213,5.6,14.7,10.3,5.9,2.0,0.9,13.6,18.4,,-0.7,1.1,0.4,.022,,-4.2,0.3,-3.9,-0.4
Career,,,NBA,,97,1422,9.6,.494,.176,.265,6.2,13.7,10.0,5.4,2.0,1.1,12.6,17.7,,-0.7,1.8,1.2,.039,,-4.3,0.3,-4.0,-0.7",undefined
De'Anthony Melton,"--- When using SR data, please cite us and provide a link and/or a mention.


 
Season,Age,Tm,Lg,Pos,G,MP,PER,TS%,3PAr,FTr,ORB%,DRB%,TRB%,AST%,STL%,BLK%,TOV%,USG%,,OWS,DWS,WS,WS/48,,OBPM,DBPM,BPM,VORP
2018-19,20,PHO,NBA,PG,50,984,9.9,.466,.371,.109,2.8,12.5,7.5,22.3,3.3,1.9,21.8,15.0,,-0.8,0.8,0.0,.002,,-3.8,1.1,-2.7,-0.2
2019-20,21,MEM,NBA,PG,60,1167,13.5,.501,.349,.302,4.0,15.7,9.9,20.1,3.1,1.5,15.6,19.2,,0.1,1.7,1.7,.072,,-2.2,2.0,-0.2,0.5
Career,,,NBA,,110,2151,11.8,.488,.358,.227,3.4,14.2,8.8,21.1,3.2,1.7,18.0,17.3,,-0.7,2.5,1.8,.040,,-2.9,1.6,-1.3,0.3
,,,,,,,,,,,,,,,,,,,,,,,,,,,,
1 season,,MEM,NBA,,60,1167,13.5,.501,.349,.302,4.0,15.7,9.9,20.1,3.1,1.5,15.6,19.2,,0.1,1.7,1.7,.072,,-2.2,2.0,-0.2,0.5
1 season,,PHO,NBA,,50,984,9.9,.466,.371,.109,2.8,12.5,7.5,22.3,3.3,1.9,21.8,15.0,,-0.8,0.8,0.0,.002,,-3.8,1.1,-2.7,-0.2",undefined
Sviatoslav Mykhailiuk,"--- When using SR data, please cite us and provide a link and/or a mention.


 
Season,Age,Tm,Lg,Pos,G,MP,PER,TS%,3PAr,FTr,ORB%,DRB%,TRB%,AST%,STL%,BLK%,TOV%,USG%,,OWS,DWS,WS,WS/48,,OBPM,DBPM,BPM,VORP
2018-19,21,TOT,NBA,SF,42,440,6.0,.447,.636,.143,2.2,6.2,4.2,10.9,1.5,0.2,12.4,16.0,,-0.4,0.3,-0.1,-0.012,,-3.9,-1.1,-5.0,-0.3
2018-19,21,LAL,NBA,SF,39,420,5.8,.451,.644,.152,2.0,6.3,4.2,10.1,1.4,0.2,12.4,15.9,,-0.4,0.3,-0.1,-0.013,,-4.1,-1.1,-5.2,-0.3
2018-19,21,DET,NBA,SF,3,20,9.8,.375,.500,.000,5.3,5.7,5.5,28.5,2.5,0.0,11.1,19.4,,0.0,0.0,0.0,.016,,0.6,-1.1,-0.5,0.0
2019-20,22,DET,NBA,SF,56,1265,11.2,.578,.704,.173,1.5,7.9,4.7,12.3,1.6,0.3,12.3,17.1,,1.0,0.6,1.6,.060,,-0.7,-1.2,-1.9,0.0
Career,,,NBA,,98,1705,9.8,.545,.686,.165,1.7,7.5,4.6,11.9,1.6,0.2,12.3,16.9,,0.6,0.9,1.5,.042,,-1.5,-1.2,-2.7,-0.3
,,,,,,,,,,,,,,,,,,,,,,,,,,,,
2 seasons,,DET,NBA,,59,1285,11.1,.575,.700,.169,1.6,7.9,4.7,12.5,1.6,0.3,12.3,17.2,,1.0,0.6,1.6,.060,,-0.7,-1.2,-1.9,0.0
1 season,,LAL,NBA,,39,420,5.8,.451,.644,.152,2.0,6.3,4.2,10.1,1.4,0.2,12.4,15.9,,-0.4,0.3,-0.1,-0.013,,-4.1,-1.1,-5.2,-0.3",undefined
Keita Bates-Diop,"--- When using SR data, please cite us and provide a link and/or a mention.


 
Season,Age,Tm,Lg,Pos,G,MP,PER,TS%,3PAr,FTr,ORB%,DRB%,TRB%,AST%,STL%,BLK%,TOV%,USG%,,OWS,DWS,WS,WS/48,,OBPM,DBPM,BPM,VORP
2018-19,23,MIN,NBA,SF,30,503,9.6,.489,.366,.197,3.4,14.4,8.8,4.6,1.7,2.4,8.3,14.1,,0.0,0.4,0.3,.032,,-2.8,-0.6,-3.4,-0.2
2019-20,24,TOT,NBA,PFSF,44,744,12.4,.539,.440,.321,3.5,15.1,9.1,5.8,1.2,2.7,6.0,15.8,,0.6,0.6,1.2,.078,,-1.0,-0.4,-1.4,0.1
2019-20,24,MIN,NBA,PF,37,646,12.5,.535,.456,.316,3.3,15.1,9.0,6.7,1.2,2.6,5.6,15.8,,0.6,0.5,1.0,.077,,-0.8,-0.1,-0.9,0.2
2019-20,24,DEN,NBA,SF,7,98,12.1,.571,.321,.357,4.6,14.8,9.7,0.0,1.0,3.8,8.5,15.7,,0.1,0.1,0.2,.084,,-2.2,-2.7,-4.9,-0.1
Career,,,NBA,,74,1247,11.3,.521,.412,.274,3.4,14.8,9.0,5.3,1.4,2.6,6.9,15.1,,0.6,0.9,1.5,.059,,-1.7,-0.5,-2.2,-0.1
,,,,,,,,,,,,,,,,,,,,,,,,,,,,
2 seasons,,MIN,NBA,,67,1149,11.2,.517,.420,.267,3.3,14.8,8.9,5.7,1.4,2.5,6.7,15.1,,0.5,0.9,1.4,.057,,-1.7,-0.3,-2.0,0.0
1 season,,DEN,NBA,,7,98,12.1,.571,.321,.357,4.6,14.8,9.7,0.0,1.0,3.8,8.5,15.7,,0.1,0.1,0.2,.084,,-2.2,-2.7,-4.9,-0.1",undefined
Chimezie Metu,"--- When using SR data, please cite us and provide a link and/or a mention.


 
Season,Age,Tm,Lg,Pos,G,MP,PER,TS%,3PAr,FTr,ORB%,DRB%,TRB%,AST%,STL%,BLK%,TOV%,USG%,,OWS,DWS,WS,WS/48,,OBPM,DBPM,BPM,VORP
2018-19,21,SAS,NBA,PF,29,145,6.4,.389,.034,.293,6.8,20.1,13.5,12.0,2.0,1.2,18.6,24.4,,-0.5,0.2,-0.3,-0.099,,-7.3,-1.4,-8.7,-0.2
2019-20,22,SAS,NBA,C,18,105,22.2,.608,.048,.310,12.3,21.6,16.9,14.9,1.4,5.0,17.3,23.7,,0.2,0.1,0.3,.130,,1.9,-0.1,1.8,0.1
Career,,,NBA,,47,250,13.0,.481,.040,.300,9.1,20.7,15.0,13.2,1.7,2.8,18.1,24.1,,-0.3,0.3,0.0,-0.003,,-3.4,-0.8,-4.3,-0.1",undefined
Alize Johnson,"--- When using SR data, please cite us and provide a link and/or a mention.


 
Season,Age,Tm,Lg,Pos,G,MP,PER,TS%,3PAr,FTr,ORB%,DRB%,TRB%,AST%,STL%,BLK%,TOV%,USG%,,OWS,DWS,WS,WS/48,,OBPM,DBPM,BPM,VORP
2018-19,22,IND,NBA,PF,14,64,6.3,.333,.125,.500,7.1,25.5,16.5,2.0,0.8,4.2,0.0,13.3,,-0.1,0.1,0.0,.027,,-5.7,-2.0,-7.7,-0.1
2019-20,23,IND,NBA,PF,17,118,13.3,.509,.276,.345,15.0,29.4,22.3,7.7,1.2,1.5,17.3,15.0,,0.1,0.2,0.3,.111,,-1.8,0.3,-1.5,0.0
Career,,,NBA,,31,182,10.8,.444,.222,.400,12.2,28.0,20.2,5.7,1.1,2.4,11.7,14.4,,0.0,0.3,0.3,.081,,-3.2,-0.5,-3.7,-0.1",undefined
Alize Johnson,,
Vince Edwards,"--- When using SR data, please cite us and provide a link and/or a mention.


 
Season,Age,Tm,Lg,Pos,G,MP,PER,TS%,3PAr,FTr,ORB%,DRB%,TRB%,AST%,STL%,BLK%,TOV%,USG%,,OWS,DWS,WS,WS/48,,OBPM,DBPM,BPM,VORP
2018-19,22,HOU,NBA,SF,2,16,3.8,.375,1.000,.000,6.8,7.1,6.9,0.0,0.0,0.0,0.0,10.9,,0.0,0.0,0.0,-0.014,,-1.6,-4.8,-6.4,0.0
Career,,,NBA,,2,16,3.8,.375,1.000,.000,6.8,7.1,6.9,0.0,0.0,0.0,0.0,10.9,,0.0,0.0,0.0,-0.014,,-1.6,-4.8,-6.4,0.0",undefined
Devon Hall,"--- When using SR data, please cite us and provide a link and/or a mention.


 
Season,Age,Tm,Lg,Pos,G,MP,PER,TS%,3PAr,FTr,ORB%,DRB%,TRB%,AST%,STL%,BLK%,TOV%,USG%,,OWS,DWS,WS,WS/48,,OBPM,DBPM,BPM,VORP
2019-20,24,OKC,NBA,PG,11,81,3.1,.298,.567,.267,2.8,6.6,4.8,21.3,2.4,1.1,13.0,20.9,,-0.3,0.1,-0.2,-0.116,,-5.8,-0.6,-6.4,-0.1
Career,,,NBA,,11,81,3.1,.298,.567,.267,2.8,6.6,4.8,21.3,2.4,1.1,13.0,20.9,,-0.3,0.1,-0.2,-0.116,,-5.8,-0.6,-6.4,-0.1",undefined
Shake Milton,"--- When using SR data, please cite us and provide a link and/or a mention.


 
Season,Age,Tm,Lg,Pos,G,MP,PER,TS%,3PAr,FTr,ORB%,DRB%,TRB%,AST%,STL%,BLK%,TOV%,USG%,,OWS,DWS,WS,WS/48,,OBPM,DBPM,BPM,VORP
2018-19,22,PHI,NBA,SG,20,268,9.3,.483,.506,.080,3.7,10.0,6.9,9.2,1.4,2.3,6.2,15.0,,0.1,0.3,0.3,.059,,-2.6,-0.6,-3.2,-0.1
2019-20,23,PHI,NBA,SG,40,805,14.4,.617,.487,.235,2.1,10.0,6.0,18.8,1.2,0.7,13.3,18.9,,1.4,0.7,2.1,.126,,0.0,-1.0,-1.0,0.2
Career,,,NBA,,60,1073,13.1,.586,.492,.198,2.5,10.0,6.3,16.4,1.3,1.1,11.8,17.9,,1.5,1.0,2.4,.109,,-0.6,-0.9,-1.5,0.1",undefined
Shake Milton,,
Ray Spalding,"--- When using SR data, please cite us and provide a link and/or a mention.


 
Season,Age,Tm,Lg,Pos,G,MP,PER,TS%,3PAr,FTr,ORB%,DRB%,TRB%,AST%,STL%,BLK%,TOV%,USG%,,OWS,DWS,WS,WS/48,,OBPM,DBPM,BPM,VORP
2018-19,21,TOT,NBA,PF,14,148,14.6,.516,.064,.255,11.1,25.1,18.0,5.1,2.9,4.5,14.7,17.8,,0.0,0.2,0.2,.051,,-4.3,-0.8,-5.1,-0.1
2018-19,21,DAL,NBA,PF,1,1,0.0,,,,0.0,0.0,0.0,0.0,0.0,0.0,,0.0,,0.0,0.0,0.0,.000,,-7.5,-5.0,-12.6,0.0
2018-19,21,PHO,NBA,PF,13,147,14.7,.516,.064,.255,11.1,25.3,18.1,5.2,2.9,4.5,14.7,17.9,,0.0,0.2,0.2,.051,,-4.3,-0.8,-5.1,-0.1
Career,,,NBA,,14,148,14.6,.516,.064,.255,11.1,25.1,18.0,5.1,2.9,4.5,14.7,17.8,,0.0,0.2,0.2,.051,,-4.3,-0.8,-5.1,-0.1
,,,,,,,,,,,,,,,,,,,,,,,,,,,,
1 season,,PHO,NBA,,13,147,14.7,.516,.064,.255,11.1,25.3,18.1,5.2,2.9,4.5,14.7,17.9,,0.0,0.2,0.2,.051,,-4.3,-0.8,-5.1,-0.1
1 season,,DAL,NBA,,1,1,0.0,,,,0.0,0.0,0.0,0.0,0.0,0.0,,0.0,,0.0,0.0,0.0,.000,,-7.5,-5.0,-12.6,0.0",undefined
Kevin Hervey,"--- When using SR data, please cite us and provide a link and/or a mention.


 
Season,Age,Tm,Lg,Pos,G,MP,PER,TS%,3PAr,FTr,ORB%,DRB%,TRB%,AST%,STL%,BLK%,TOV%,USG%,,OWS,DWS,WS,WS/48,,OBPM,DBPM,BPM,VORP
2019-20,23,OKC,NBA,PF,10,52,5.0,.315,.741,.000,2.2,22.7,12.7,13.9,0.9,1.7,0.0,22.8,,-0.2,0.1,-0.1,-0.085,,-4.0,-1.1,-5.1,0.0
Career,,,NBA,,10,52,5.0,.315,.741,.000,2.2,22.7,12.7,13.9,0.9,1.7,0.0,22.8,,-0.2,0.1,-0.1,-0.085,,-4.0,-1.1,-5.1,0.0",undefined
Thomas Welsh,"--- When using SR data, please cite us and provide a link and/or a mention.


 
Season,Age,Tm,Lg,Pos,G,MP,PER,TS%,3PAr,FTr,ORB%,DRB%,TRB%,AST%,STL%,BLK%,TOV%,USG%,,OWS,DWS,WS,WS/48,,OBPM,DBPM,BPM,VORP
2018-19,22,DEN,NBA,C,11,36,16.1,.648,.538,.154,0.0,12.1,6.0,20.5,0.0,0.0,6.7,17.7,,0.1,0.0,0.1,.162,,2.2,-1.1,1.2,0.0
Career,,,NBA,,11,36,16.1,.648,.538,.154,0.0,12.1,6.0,20.5,0.0,0.0,6.7,17.7,,0.1,0.0,0.1,.162,,2.2,-1.1,1.2,0.0",undefined
George King,"--- When using SR data, please cite us and provide a link and/or a mention.


 
Season,Age,Tm,Lg,Pos,G,MP,PER,TS%,3PAr,FTr,ORB%,DRB%,TRB%,AST%,STL%,BLK%,TOV%,USG%,,OWS,DWS,WS,WS/48,,OBPM,DBPM,BPM,VORP
2018-19,25,PHO,NBA,SF,1,6,1.9,,,,0.0,18.8,9.2,0.0,0.0,0.0,,0.0,,0.0,0.0,0.0,-0.001,,-5.8,-2.1,-7.9,0.0
Career,,,NBA,,1,6,1.9,,,,0.0,18.8,9.2,0.0,0.0,0.0,,0.0,,0.0,0.0,0.0,-0.001,,-5.8,-2.1,-7.9,0.0",undefined
Kostas Antetokounmpo,"--- When using SR data, please cite us and provide a link and/or a mention.


 
Season,Age,Tm,Lg,Pos,G,MP,PER,TS%,3PAr,FTr,ORB%,DRB%,TRB%,AST%,STL%,BLK%,TOV%,USG%,,OWS,DWS,WS,WS/48,,OBPM,DBPM,BPM,VORP
2018-19,21,DAL,NBA,PF,2,11,-0.9,.210,.000,1.333,0.0,9.7,4.9,0.0,8.8,0.0,17.4,22.5,,-0.1,0.0,-0.1,-0.247,,-12.6,-0.1,-12.7,0.0
2019-20,22,LAL,NBA,PF,5,20,16.3,.902,.000,.667,11.1,5.4,8.2,13.7,0.0,0.0,20.5,10.3,,0.1,0.0,0.1,.193,,0.2,-0.9,-0.7,0.0
Career,,,NBA,,7,31,10.2,.521,.000,1.000,7.1,6.9,7.0,8.8,3.1,0.0,18.8,14.6,,0.0,0.0,0.0,.037,,-4.3,-0.6,-5.0,0.0
,,,,,,,,,,,,,,,,,,,,,,,,,,,,
1 season,,LAL,NBA,,5,20,16.3,.902,.000,.667,11.1,5.4,8.2,13.7,0.0,0.0,20.5,10.3,,0.1,0.0,0.1,.193,,0.2,-0.9,-0.7,0.0
1 season,,DAL,NBA,,2,11,-0.9,.210,.000,1.333,0.0,9.7,4.9,0.0,8.8,0.0,17.4,22.5,,-0.1,0.0,-0.1,-0.247,,-12.6,-0.1,-12.7,0.0",undefined
Markelle Fultz,"--- When using SR data, please cite us and provide a link and/or a mention.


 
Season,Age,Tm,Lg,Pos,G,MP,PER,TS%,3PAr,FTr,ORB%,DRB%,TRB%,AST%,STL%,BLK%,TOV%,USG%,,OWS,DWS,WS,WS/48,,OBPM,DBPM,BPM,VORP
2017-18,19,PHI,NBA,SG,14,253,12.4,.416,.009,.189,4.9,13.1,9.2,31.3,2.3,1.3,12.4,23.1,,-0.2,0.4,0.2,.043,,-3.3,0.7,-2.6,0.0
2018-19,20,PHI,NBA,SG,19,427,10.5,.452,.090,.239,6.6,10.6,8.7,19.5,1.9,0.9,12.7,19.3,,-0.1,0.4,0.3,.035,,-3.3,0.2,-3.1,-0.1
2019-20,21,ORL,NBA,PG,72,1996,14.3,.517,.175,.206,2.1,11.0,6.4,29.0,2.2,0.5,14.9,21.4,,0.6,2.0,2.7,.065,,-1.8,0.0,-1.8,0.1
Career,,,NBA,,105,2676,13.5,.496,.145,.209,3.1,11.1,7.0,27.7,2.2,0.6,14.3,21.2,,0.4,2.8,3.2,.058,,-2.2,0.1,-2.1,0.0
,,,,,,,,,,,,,,,,,,,,,,,,,,,,
1 season,,ORL,NBA,,72,1996,14.3,.517,.175,.206,2.1,11.0,6.4,29.0,2.2,0.5,14.9,21.4,,0.6,2.0,2.7,.065,,-1.8,0.0,-1.8,0.1
2 seasons,,PHI,NBA,,33,680,11.2,.437,.056,.218,6.0,11.5,8.9,23.9,2.0,1.1,12.6,20.7,,-0.3,0.8,0.5,.038,,-3.3,0.4,-2.9,-0.2",undefined
Lonzo Ball,"--- When using SR data, please cite us and provide a link and/or a mention.


 
Season,Age,Tm,Lg,Pos,G,MP,PER,TS%,3PAr,FTr,ORB%,DRB%,TRB%,AST%,STL%,BLK%,TOV%,USG%,,OWS,DWS,WS,WS/48,,OBPM,DBPM,BPM,VORP
2017-18,20,LAL,NBA,PG,52,1780,12.5,.444,.523,.126,4.2,17.3,10.8,29.2,2.4,2.0,18.6,17.4,,-0.5,2.5,2.0,.053,,-0.7,1.6,1.0,1.3
2018-19,21,LAL,NBA,PG,47,1423,11.7,.487,.500,.105,4.0,14.0,9.1,23.8,2.3,1.1,17.8,16.9,,-0.2,1.7,1.6,.052,,-1.6,1.3,-0.3,0.6
2019-20,22,NOP,NBA,PG,63,2025,13.1,.517,.575,.111,3.7,16.4,10.0,29.1,2.0,1.6,21.1,18.5,,0.4,2.0,2.4,.058,,0.1,0.6,0.6,1.3
Career,,,NBA,,162,5228,12.5,.485,.538,.114,3.9,16.0,10.0,27.7,2.2,1.6,19.4,17.7,,-0.3,6.2,6.0,.055,,-0.6,1.1,0.5,3.3
,,,,,,,,,,,,,,,,,,,,,,,,,,,,
2 seasons,,LAL,NBA,,99,3203,12.2,.463,.513,.117,4.1,15.8,10.0,26.8,2.3,1.6,18.2,17.2,,-0.7,4.2,3.5,.053,,-1.1,1.5,0.4,1.9
1 season,,NOP,NBA,,63,2025,13.1,.517,.575,.111,3.7,16.4,10.0,29.1,2.0,1.6,21.1,18.5,,0.4,2.0,2.4,.058,,0.1,0.6,0.6,1.3",undefined
Jayson Tatum,"--- When using SR data, please cite us and provide a link and/or a mention.


 
Season,Age,Tm,Lg,Pos,G,MP,PER,TS%,3PAr,FTr,ORB%,DRB%,TRB%,AST%,STL%,BLK%,TOV%,USG%,,OWS,DWS,WS,WS/48,,OBPM,DBPM,BPM,VORP
2017-18,19,BOS,NBA,SF,80,2443,15.3,.586,.290,.309,2.3,15.6,9.0,8.3,1.7,2.0,10.7,19.5,,3.0,4.0,7.1,.139,,0.0,1.2,1.2,2.0
2018-19,20,BOS,NBA,SF,79,2455,15.1,.547,.300,.220,3.0,17.7,10.4,10.0,1.6,2.1,9.7,22.1,,1.6,3.4,5.0,.097,,-0.4,0.2,-0.2,1.1
2019-20,21,BOS,NBA,PF,66,2265,20.4,.567,.383,.255,3.1,18.5,10.9,14.5,2.0,2.3,10.2,28.6,,3.2,3.7,6.9,.146,,3.5,0.6,4.0,3.4
Career,,,NBA,,225,7163,16.8,.566,.330,.258,2.8,17.2,10.1,10.9,1.8,2.1,10.2,23.2,,7.8,11.1,18.9,.127,,1.0,0.6,1.6,6.5",undefined
Josh Jackson,"--- When using SR data, please cite us and provide a link and/or a mention.


 
Season,Age,Tm,Lg,Pos,G,MP,PER,TS%,3PAr,FTr,ORB%,DRB%,TRB%,AST%,STL%,BLK%,TOV%,USG%,,OWS,DWS,WS,WS/48,,OBPM,DBPM,BPM,VORP
2017-18,20,PHO,NBA,SF,77,1959,11.8,.480,.233,.299,5.1,14.2,9.6,10.1,2.0,1.4,12.2,26.0,,-2.0,1.2,-0.7,-0.018,,-2.8,-1.4,-4.2,-1.1
2018-19,21,PHO,NBA,SG,79,1988,10.6,.487,.268,.253,3.6,15.9,9.7,14.1,1.8,2.3,15.6,23.9,,-2.8,1.1,-1.7,-0.040,,-3.3,-1.2,-4.6,-1.3
2019-20,22,MEM,NBA,SF,22,381,14.1,.547,.453,.314,3.1,14.9,9.1,13.1,2.2,2.1,13.4,22.8,,0.1,0.5,0.5,.069,,-1.1,1.1,0.0,0.2
Career,,,NBA,,178,4328,11.5,.488,.266,.281,4.2,15.0,9.6,12.2,1.9,1.9,13.8,24.8,,-4.7,2.8,-1.8,-0.020,,-2.9,-1.1,-4.0,-2.2
,,,,,,,,,,,,,,,,,,,,,,,,,,,,
2 seasons,,PHO,NBA,,156,3947,11.2,.483,.249,.277,4.4,15.0,9.6,12.1,1.9,1.9,13.8,25.0,,-4.7,2.3,-2.4,-0.029,,-3.1,-1.3,-4.4,-2.4
1 season,,MEM,NBA,,22,381,14.1,.547,.453,.314,3.1,14.9,9.1,13.1,2.2,2.1,13.4,22.8,,0.1,0.5,0.5,.069,,-1.1,1.1,0.0,0.2",undefined
De'Aaron Fox,"--- When using SR data, please cite us and provide a link and/or a mention.


 
Season,Age,Tm,Lg,Pos,G,MP,PER,TS%,3PAr,FTr,ORB%,DRB%,TRB%,AST%,STL%,BLK%,TOV%,USG%,,OWS,DWS,WS,WS/48,,OBPM,DBPM,BPM,VORP
2017-18,20,SAC,NBA,PG,73,2026,11.2,.478,.192,.245,1.8,10.0,5.7,24.6,1.7,0.9,16.4,23.4,,-1.7,1.1,-0.6,-0.014,,-2.7,-1.5,-4.2,-1.1
2018-19,21,SAC,NBA,PG,81,2546,18.1,.544,.211,.378,1.7,10.8,6.2,33.2,2.4,1.5,15.0,24.5,,3.2,2.5,5.6,.106,,1.3,0.2,1.5,2.3
2019-20,22,SAC,NBA,PG,51,1634,20.6,.558,.227,.420,2.4,11.4,6.8,35.3,2.2,1.5,14.1,29.8,,2.6,1.4,4.0,.118,,2.3,-0.5,1.8,1.6
Career,,,NBA,,205,6206,16.5,.530,.210,.352,1.9,10.7,6.2,30.9,2.1,1.3,15.1,25.6,,4.1,4.9,9.1,.070,,0.2,-0.5,-0.3,2.7",undefined
Jonathan Isaac,"--- When using SR data, please cite us and provide a link and/or a mention.


 
Season,Age,Tm,Lg,Pos,G,MP,PER,TS%,3PAr,FTr,ORB%,DRB%,TRB%,AST%,STL%,BLK%,TOV%,USG%,,OWS,DWS,WS,WS/48,,OBPM,DBPM,BPM,VORP
2017-18,20,ORL,NBA,PF,27,536,9.8,.465,.317,.172,3.3,17.2,10.2,4.8,3.0,4.5,14.8,15.0,,-0.6,0.8,0.2,.021,,-3.8,2.4,-1.4,0.1
2018-19,21,ORL,NBA,PF,75,1996,13.0,.537,.435,.221,5.2,17.0,11.0,5.7,1.4,4.1,10.1,16.3,,0.9,3.1,4.0,.096,,-1.4,1.0,-0.4,0.8
2019-20,22,ORL,NBA,PF,34,980,17.3,.552,.283,.232,6.2,19.6,12.7,7.4,2.6,7.2,11.8,18.3,,0.6,1.9,2.5,.120,,-0.5,2.9,2.3,1.1
Career,,,NBA,,136,3512,13.7,.532,.373,.218,5.2,17.8,11.4,6.0,2.0,5.0,11.2,16.6,,0.9,5.8,6.7,.091,,-1.6,1.8,0.2,2.0",undefined
Lauri Markkanen,"--- When using SR data, please cite us and provide a link and/or a mention.


 
Season,Age,Tm,Lg,Pos,G,MP,PER,TS%,3PAr,FTr,ORB%,DRB%,TRB%,AST%,STL%,BLK%,TOV%,USG%,,OWS,DWS,WS,WS/48,,OBPM,DBPM,BPM,VORP
2017-18,20,CHI,NBA,PF,68,2020,15.6,.552,.465,.193,4.0,23.7,13.5,6.4,0.9,1.8,8.2,21.9,,1.7,1.6,3.3,.079,,1.0,-1.2,-0.2,0.9
2018-19,21,CHI,NBA,PF,52,1682,17.1,.553,.418,.245,4.7,25.9,15.2,7.2,1.1,1.7,8.8,25.1,,1.3,1.5,2.7,.078,,1.4,-1.5,-0.2,0.7
2019-20,22,CHI,NBA,PF,50,1492,14.3,.560,.536,.259,4.2,19.7,11.6,7.6,1.4,1.5,11.0,21.1,,1.0,1.6,2.6,.084,,0.2,-0.8,-0.6,0.5
Career,,,NBA,,170,5194,15.7,.555,.467,.229,4.3,23.2,13.5,7.0,1.1,1.7,9.1,22.7,,4.0,4.7,8.7,.080,,0.9,-1.2,-0.3,2.2",undefined
Frank Ntilikina,"--- When using SR data, please cite us and provide a link and/or a mention.


 
Season,Age,Tm,Lg,Pos,G,MP,PER,TS%,3PAr,FTr,ORB%,DRB%,TRB%,AST%,STL%,BLK%,TOV%,USG%,,OWS,DWS,WS,WS/48,,OBPM,DBPM,BPM,VORP
2017-18,19,NYK,NBA,PG,78,1706,7.0,.437,.314,.136,2.4,9.1,5.8,20.0,1.9,0.9,19.8,16.9,,-2.0,1.1,-0.9,-0.026,,-4.5,-0.5,-5.0,-1.3
2018-19,20,NYK,NBA,PG,43,904,6.0,.417,.408,.106,1.4,8.9,5.0,19.5,1.6,1.3,15.9,16.6,,-1.3,0.4,-0.8,-0.045,,-5.2,-0.8,-6.0,-0.9
2019-20,21,NYK,NBA,PG,57,1187,9.8,.497,.411,.177,2.0,9.1,5.4,20.2,2.2,1.3,16.5,15.4,,0.1,0.8,0.9,.037,,-3.6,0.4,-3.2,-0.4
Career,,,NBA,,178,3797,7.7,.450,.367,.141,2.0,9.0,5.5,19.9,1.9,1.1,17.9,16.4,,-3.2,2.3,-0.8,-0.011,,-4.4,-0.3,-4.7,-2.5",undefined
Dennis Smith Jr.,"--- When using SR data, please cite us and provide a link and/or a mention.


 
Season,Age,Tm,Lg,Pos,G,MP,PER,TS%,3PAr,FTr,ORB%,DRB%,TRB%,AST%,STL%,BLK%,TOV%,USG%,,OWS,DWS,WS,WS/48,,OBPM,DBPM,BPM,VORP
2017-18,20,DAL,NBA,PG,69,2049,12.8,.473,.331,.188,2.6,11.8,7.0,29.5,1.7,0.8,14.9,28.9,,-2.4,1.7,-0.7,-0.017,,-1.2,-1.2,-2.4,-0.2
2018-19,21,TOT,NBA,PG,53,1508,12.3,.502,.320,.240,2.2,8.7,5.5,27.3,2.1,1.1,17.6,24.8,,-1.2,1.2,0.0,.001,,-1.6,-0.4,-1.9,0.0
2018-19,21,DAL,NBA,PG,32,908,11.5,.527,.350,.230,2.1,9.3,5.7,24.1,2.1,1.0,20.3,23.3,,-0.7,0.9,0.2,.010,,-2.1,0.0,-2.1,0.0
2018-19,21,NYK,NBA,PG,21,600,13.5,.473,.283,.253,2.4,7.9,5.1,32.2,2.2,1.3,14.2,27.0,,-0.5,0.3,-0.2,-0.014,,-0.8,-0.9,-1.7,0.0
2019-20,22,NYK,NBA,PG,34,537,7.4,.399,.256,.251,4.1,11.7,7.7,26.4,2.5,1.4,19.8,23.1,,-1.4,0.5,-0.9,-0.079,,-5.2,-0.9,-6.1,-0.6
Career,,,NBA,,156,4094,11.9,.475,.319,.213,2.7,10.6,6.6,28.3,2.0,1.0,16.5,26.6,,-4.9,3.4,-1.6,-0.018,,-1.9,-0.8,-2.7,-0.7
,,,,,,,,,,,,,,,,,,,,,,,,,,,,
2 seasons,,DAL,NBA,,101,2957,12.4,.487,.336,.199,2.5,11.0,6.6,27.8,1.9,0.9,16.4,27.2,,-3.1,2.5,-0.5,-0.008,,-1.5,-0.8,-2.3,-0.2
2 seasons,,NYK,NBA,,55,1137,10.6,.442,.272,.252,3.2,9.7,6.3,29.4,2.3,1.3,16.7,25.2,,-1.9,0.8,-1.1,-0.045,,-2.9,-0.9,-3.8,-0.5",undefined
Zach Collins,"--- When using SR data, please cite us and provide a link and/or a mention.


 
Season,Age,Tm,Lg,Pos,G,MP,PER,TS%,3PAr,FTr,ORB%,DRB%,TRB%,AST%,STL%,BLK%,TOV%,USG%,,OWS,DWS,WS,WS/48,,OBPM,DBPM,BPM,VORP
2017-18,20,POR,NBA,C,66,1045,7.5,.475,.391,.145,4.7,18.2,11.5,7.1,0.8,2.4,15.9,15.4,,-0.7,1.3,0.6,.030,,-4.5,0.2,-4.3,-0.6
2018-19,21,POR,NBA,C,77,1356,13.5,.562,.303,.315,8.8,16.5,12.7,7.1,0.9,3.9,14.5,16.6,,1.4,1.5,2.9,.104,,-1.5,0.3,-1.2,0.3
2019-20,22,POR,NBA,PF,11,290,9.9,.538,.279,.118,9.1,15.7,12.4,7.2,0.8,1.5,16.4,12.5,,0.2,0.1,0.3,.052,,-1.7,-1.4,-3.1,-0.1
Career,,,NBA,,154,2691,10.8,.528,.334,.232,7.2,17.1,12.2,7.1,0.9,3.1,15.2,15.7,,0.9,3.0,3.9,.069,,-2.7,0.1,-2.6,-0.4",undefined
Malik Monk,"--- When using SR data, please cite us and provide a link and/or a mention.


 
Season,Age,Tm,Lg,Pos,G,MP,PER,TS%,3PAr,FTr,ORB%,DRB%,TRB%,AST%,STL%,BLK%,TOV%,USG%,,OWS,DWS,WS,WS/48,,OBPM,DBPM,BPM,VORP
2017-18,19,CHO,NBA,SG,63,854,10.3,.477,.572,.089,1.0,7.5,4.2,16.9,1.1,0.9,10.0,24.9,,-0.5,0.5,0.0,.000,,-1.3,-2.0,-3.4,-0.3
2018-19,20,CHO,NBA,SG,73,1258,11.8,.518,.563,.174,1.3,10.6,5.9,14.3,1.4,1.3,12.0,24.6,,-0.4,0.7,0.3,.012,,-1.3,-1.7,-3.0,-0.3
2019-20,21,CHO,NBA,SG,55,1169,12.6,.530,.418,.205,2.4,12.6,7.3,16.6,1.1,1.3,12.6,22.9,,0.1,0.6,0.7,.028,,-1.1,-1.3,-2.3,-0.1
Career,,,NBA,,191,3281,11.7,.510,.518,.160,1.6,10.5,6.0,15.8,1.2,1.2,11.7,24.1,,-0.9,1.8,1.0,.015,,-1.2,-1.6,-2.9,-0.7",undefined
Luke Kennard,"--- When using SR data, please cite us and provide a link and/or a mention.


 
Season,Age,Tm,Lg,Pos,G,MP,PER,TS%,3PAr,FTr,ORB%,DRB%,TRB%,AST%,STL%,BLK%,TOV%,USG%,,OWS,DWS,WS,WS/48,,OBPM,DBPM,BPM,VORP
2017-18,21,DET,NBA,SG,73,1463,12.1,.560,.419,.163,1.6,11.9,6.6,12.7,1.5,0.8,12.2,17.2,,1.1,1.4,2.6,.085,,-0.9,0.1,-0.8,0.5
2018-19,22,DET,NBA,SG,63,1437,11.9,.560,.517,.117,0.9,13.5,7.0,12.3,0.9,0.6,9.4,18.1,,1.3,1.3,2.5,.085,,-0.4,-0.6,-1.1,0.3
2019-20,23,DET,NBA,SG,28,922,14.4,.589,.535,.219,1.1,11.1,6.0,19.2,0.6,0.5,10.3,19.8,,1.6,0.3,1.9,.100,,1.1,-1.4,-0.3,0.4
Career,,,NBA,,164,3822,12.6,.568,.488,.160,1.2,12.3,6.6,14.1,1.1,0.7,10.6,18.2,,4.0,3.0,7.0,.088,,-0.2,-0.5,-0.8,1.2",undefined
Donovan Mitchell,"--- When using SR data, please cite us and provide a link and/or a mention.


 
Season,Age,Tm,Lg,Pos,G,MP,PER,TS%,3PAr,FTr,ORB%,DRB%,TRB%,AST%,STL%,BLK%,TOV%,USG%,,OWS,DWS,WS,WS/48,,OBPM,DBPM,BPM,VORP
2017-18,21,UTA,NBA,SG,79,2638,16.7,.541,.404,.218,2.3,10.4,6.4,19.4,2.2,0.9,12.6,29.1,,1.4,3.8,5.2,.095,,0.9,0.3,1.2,2.2
2018-19,22,UTA,NBA,SG,77,2598,17.2,.537,.339,.259,2.5,10.5,6.6,21.2,2.0,0.9,11.3,31.6,,1.3,3.7,5.0,.092,,1.2,0.1,1.3,2.2
2019-20,23,UTA,NBA,SG,69,2364,18.8,.558,.352,.240,2.6,11.3,7.1,21.6,1.4,0.5,11.0,30.8,,3.2,2.2,5.4,.110,,2.4,-0.6,1.9,2.3
Career,,,NBA,,225,7600,17.5,.545,.364,.240,2.4,10.7,6.7,20.7,1.9,0.8,11.6,30.5,,5.9,9.8,15.7,.099,,1.5,-0.1,1.5,6.7",undefined
Bam Adebayo,"--- When using SR data, please cite us and provide a link and/or a mention.


 
Season,Age,Tm,Lg,Pos,G,MP,PER,TS%,3PAr,FTr,ORB%,DRB%,TRB%,AST%,STL%,BLK%,TOV%,USG%,,OWS,DWS,WS,WS/48,,OBPM,DBPM,BPM,VORP
2017-18,20,MIA,NBA,C,69,1368,15.7,.570,.021,.526,9.7,21.6,15.6,11.0,1.2,2.5,13.6,15.9,,2.3,1.9,4.2,.148,,-1.1,0.7,-0.4,0.6
2018-19,21,MIA,NBA,C,82,1913,17.9,.623,.031,.465,9.2,24.0,16.6,14.2,1.8,3.0,17.1,15.8,,3.4,3.4,6.8,.171,,-0.4,2.2,1.8,1.8
2019-20,22,MIA,NBA,PF,72,2417,20.3,.598,.018,.484,8.5,24.9,17.0,24.2,1.7,3.8,17.6,21.2,,4.6,3.9,8.5,.168,,1.4,2.0,3.4,3.3
Career,,,NBA,,223,5698,18.4,.599,.022,.487,9.0,23.8,16.5,17.7,1.6,3.3,16.6,18.1,,10.3,9.2,19.5,.164,,0.2,1.8,2.0,5.7",undefined